,dataset,scenario,model,f1,f1,accuracy,accuracy,precision,precision,recall,recall,detection_rate,detection_rate,mapping_accuracy,mapping_accuracy,unseen_window_count,train_time_sec,inference_time_sec,state_count,density
,,,,mean,std,mean,std,mean,std,mean,std,mean,std,mean,std,mean,mean,mean,mean,mean
0,BATADAL_CHRON,Gaussian_Noise,Automata_W3_A3,0.0,0.0,0.8,0.023139952531602,0.0,0.0,0.0,0.0,0.0,0.0,0.0,0.0,0.0,0.001396942138671875,0.0006017684936523438,27.0,0.0877914951989026
1,BATADAL_CHRON,Gaussian_Noise,Automata_W3_A4,0.0,0.0,0.681021897810219,0.024015596899798677,0.0,0.0,0.0,0.0,0.0,0.0,0.05444444444444444,0.05698169513314704,12.6,0.0015996456146240234,0.0025787353515625,58.0,0.0469678953626635
2,BATADAL_CHRON,Gaussian_Noise,Automata_W3_A5,0.0,0.0,0.5043795620437956,0.034757864089953655,0.0,0.0,0.0,0.0,0.0,0.0,0.034640522875816995,0.03165045754981242,18.6,0.0010001659393310547,0.006624174118041992,105.0,0.025034013605442173
3,BATADAL_CHRON,Gaussian_Noise,Automata_W3_A6,0.0,0.0,0.3795620437956204,0.043719520258069126,0.0,0.0,0.0,0.0,0.0,0.0,0.07389355742296919,0.016508132879219692,55.0,0.0015994071960449218,0.03100247383117676,166.0,0.015132820438380027
4,BATADAL_CHRON,Gaussian_Noise,Automata_W4_A3,0.0,0.0,0.5881773399014778,0.028850345742554333,0.0,0.0,0.0,0.0,0.0,0.0,0.031407407407407405,0.03331522141682577,27.0,0.0018021583557128907,0.012979221343994141,71.0,0.026383654036897443
5,BATADAL_CHRON,Gaussian_Noise,Automata_W4_A4,0.0,0.0,0.27586206896551724,0.041944301393907396,0.0,0.0,0.0,0.0,0.0,0.0,0.029769615692876828,0.005256849520193252,94.4,0.001786041259765625,0.14386348724365233,153.0,0.01114955786236063
6,BATADAL_CHRON,Gaussian_Noise,Automata_W4_A5,0.0,0.0,0.09950738916256158,0.0283839611643112,0.0,0.0,0.0,0.0,0.0,0.0,0.03203720627655719,0.006912226386682792,162.6,0.0016172409057617187,0.4736810207366943,259.0,0.005784052116098448
7,BATADAL_CHRON,Gaussian_Noise,Automata_W4_A6,0.0,0.0,0.07980295566502463,0.02268150627235732,0.0,0.0,0.0,0.0,0.0,0.0,0.023585565965581326,0.013187438954669424,179.6,0.0022002220153808593,0.9339827060699463,361.0,0.0037752933142010886
8,BATADAL_CHRON,Gaussian_Noise,Automata_W5_A3,0.0,0.0,0.5371069182389937,0.04325471412339472,0.0,0.0,0.0,0.0,0.0,0.0,0.03751552795031056,0.031809490389982896,35.4,0.0012123584747314453,0.08042044639587402,127.0,0.012338024676049351
9,BATADAL_CHRON,Gaussian_Noise,Automata_W5_A4,0.0,0.0,0.16100628930817612,0.0830331605764246,0.0,0.0,0.0,0.0,0.0,0.0,0.017982020822642664,0.0033849871606207323,114.2,0.0019999980926513673,0.7260358333587646,268.0,0.0048451770995767435
10,BATADAL_CHRON,Gaussian_Noise,Automata_W5_A5,0.0,0.0,0.050314465408805034,0.0390241309622354,0.0,0.0,0.0,0.0,0.0,0.0,0.014254103158347542,0.012450560016510176,140.2,0.001981973648071289,1.4361911773681642,355.0,0.0033802816901408453
11,BATADAL_CHRON,Gaussian_Noise,Automata_W5_A6,0.0,0.0,0.013836477987421384,0.0052620127454973305,0.0,0.0,0.0,0.0,0.0,0.0,0.006478702218772385,0.00012773860604736178,154.4,0.0018173694610595704,2.2301167488098144,428.0,0.002593021224561097
12,BATADAL_CHRON,Gaussian_Noise,Automata_W6_A3,0.0,0.0,0.007751937984496124,0.009494146289857279,0.0,0.0,0.0,0.0,0.0,0.0,0.003187301587301587,0.004364450171103382,126.6,0.0018247127532958984,1.5204256057739258,225.0,0.005728395061728395
13,BATADAL_CHRON,Gaussian_Noise,Automata_W6_A4,0.0,0.0,0.0,0.0,0.0,0.0,0.0,0.0,0.0,0.0,0.0,0.0,129.0,0.00142364501953125,2.71909646987915,314.0,0.003620836545093107
14,BATADAL_CHRON,Gaussian_Noise,Automata_W6_A5,0.0,0.0,0.0,0.0,0.0,0.0,0.0,0.0,0.0,0.0,0.0,0.0,129.0,0.0018223285675048827,3.4552396297454835,375.0,0.0028017777777777776
15,BATADAL_CHRON,Gaussian_Noise,Automata_W6_A6,0.0,0.0,0.0,0.0,0.0,0.0,0.0,0.0,0.0,0.0,0.0,0.0,129.0,0.0018004417419433595,3.765738010406494,393.0,0.002602800924577045
16,BATADAL_CHRON,Gaussian_Noise,CNN1D,0.0,0.0,0.9039615846338535,0.0,0.0,0.0,0.0,0.0,,,,,,2.3694197654724123,0.010219097137451172,,
17,BATADAL_CHRON,Gaussian_Noise,GRU,0.004597701149425287,0.01028077231034386,0.8919567827130852,0.01191442571505358,0.02857142857142857,0.06388765649999399,0.0025,0.005590169943749475,,,,,,2.638767385482788,0.017189168930053712,,
18,BATADAL_CHRON,Gaussian_Noise,LSTM,0.0,0.0,0.9008403361344538,0.004771814385198531,0.0,0.0,0.0,0.0,,,,,,1.7837422370910645,0.020554161071777342,,
19,BATADAL_CHRON,Original,Automata_W3_A3,0.0,0.0,0.8175182481751826,0.0,0.0,0.0,0.0,0.0,0.0,0.0,0.0,0.0,0.0,0.0015993595123291015,0.0003918647766113281,27.0,0.0877914951989026
20,BATADAL_CHRON,Original,Automata_W3_A4,0.0,0.0,0.6788321167883211,0.0,0.0,0.0,0.0,0.0,0.0,0.0,0.13333333333333333,0.0,15.0,0.0012038707733154296,0.0036194324493408203,58.0,0.0469678953626635
21,BATADAL_CHRON,Original,Automata_W3_A5,0.0,0.0,0.4635036496350365,0.0,0.0,0.0,0.0,0.0,0.0,0.0,0.0,0.0,23.0,0.0017964363098144532,0.008400249481201171,105.0,0.025034013605442173
22,BATADAL_CHRON,Original,Automata_W3_A6,0.0,0.0,0.3759124087591241,0.0,0.0,0.0,0.0,0.0,0.0,0.0,0.06,0.0,50.0,0.0020000457763671873,0.030018711090087892,166.0,0.015132820438380027
23,BATADAL_CHRON,Original,Automata_W4_A3,0.0,0.0,0.6206896551724138,0.0,0.0,0.0,0.0,0.0,0.0,0.0,0.04,0.0,25.0,0.0019743919372558595,0.013811063766479493,71.0,0.026383654036897443
24,BATADAL_CHRON,Original,Automata_W4_A4,0.0,0.0,0.32019704433497537,0.0,0.0,0.0,0.0,0.0,0.0,0.0,0.031914893617021274,0.0,94.0,0.0016107559204101562,0.14955039024353028,153.0,0.01114955786236063
25,BATADAL_CHRON,Original,Automata_W4_A5,0.0,0.0,0.12807881773399016,0.0,0.0,0.0,0.0,0.0,0.0,0.0,0.045454545454545456,0.0,154.0,0.0018000125885009766,0.46535749435424806,259.0,0.005784052116098448
26,BATADAL_CHRON,Original,Automata_W4_A6,0.0,0.0,0.1330049261083744,0.0,0.0,0.0,0.0,0.0,0.0,0.0,0.041666666666666664,0.0,168.0,0.0018411636352539062,0.8546730995178222,361.0,0.0037752933142010886
27,BATADAL_CHRON,Original,Automata_W5_A3,0.0,0.0,0.5660377358490566,0.0,0.0,0.0,0.0,0.0,0.0,0.0,0.03571428571428571,0.0,28.0,0.0012225627899169922,0.068080472946167,127.0,0.012338024676049351
28,BATADAL_CHRON,Original,Automata_W5_A4,0.0,0.0,0.16981132075471697,0.0,0.0,0.0,0.0,0.0,0.0,0.0,0.008771929824561403,0.0,114.0,0.002400779724121094,0.6859477043151856,268.0,0.0048451770995767435
29,BATADAL_CHRON,Original,Automata_W5_A5,0.0,0.0,0.050314465408805034,0.0,0.0,0.0,0.0,0.0,0.0,0.0,0.014084507042253521,0.0,142.0,0.0014056682586669922,1.5466966152191162,355.0,0.0033802816901408453
30,BATADAL_CHRON,Original,Automata_W5_A6,0.0,0.0,0.012578616352201259,0.0,0.0,0.0,0.0,0.0,0.0,0.0,0.00641025641025641,0.0,156.0,0.0017974376678466797,2.3101105213165285,428.0,0.002593021224561097
31,BATADAL_CHRON,Original,Automata_W6_A3,0.0,0.0,0.0,0.0,0.0,0.0,0.0,0.0,0.0,0.0,0.0,0.0,127.0,0.0016166210174560548,1.4444390773773192,225.0,0.005728395061728395
32,BATADAL_CHRON,Original,Automata_W6_A4,0.0,0.0,0.0,0.0,0.0,0.0,0.0,0.0,0.0,0.0,0.0,0.0,129.0,0.0017994880676269532,2.6455883979797363,314.0,0.003620836545093107
33,BATADAL_CHRON,Original,Automata_W6_A5,0.0,0.0,0.0,0.0,0.0,0.0,0.0,0.0,0.0,0.0,0.0,0.0,129.0,0.0016022682189941405,3.5264604091644287,375.0,0.0028017777777777776
34,BATADAL_CHRON,Original,Automata_W6_A6,0.0,0.0,0.0,0.0,0.0,0.0,0.0,0.0,0.0,0.0,0.0,0.0,129.0,0.001800394058227539,3.6390052318572996,393.0,0.002602800924577045
35,BATADAL_CHRON,Original,CNN1D,0.0,0.0,0.9039615846338535,0.0,0.0,0.0,0.0,0.0,,,,,,2.797413682937622,0.01405024528503418,,
36,BATADAL_CHRON,Original,GRU,0.0,0.0,0.9020408163265307,0.001820618353913914,0.0,0.0,0.0,0.0,,,,,,2.516849136352539,0.01739945411682129,,
37,BATADAL_CHRON,Original,LSTM,0.0,0.0,0.9032412965186074,0.0016106131890754691,0.0,0.0,0.0,0.0,,,,,,1.8637610912322997,0.01979517936706543,,
38,BATADAL_CHRON,Unseen,Automata_W3_A3,0.0,0.0,0.8175182481751826,0.0,0.0,0.0,0.0,0.0,0.0,0.0,0.0,0.0,0.0,0.0013826847076416015,0.0008244037628173829,27.0,0.0877914951989026
39,BATADAL_CHRON,Unseen,Automata_W3_A4,0.0,0.0,0.6788321167883211,0.0,0.0,0.0,0.0,0.0,0.0,0.0,0.13333333333333333,0.0,15.0,0.0016011714935302735,0.00321807861328125,58.0,0.0469678953626635
40,BATADAL_CHRON,Unseen,Automata_W3_A5,0.0,0.0,0.4635036496350365,0.0,0.0,0.0,0.0,0.0,0.0,0.0,0.0,0.0,23.0,0.0017791748046875,0.008400392532348634,105.0,0.025034013605442173
41,BATADAL_CHRON,Unseen,Automata_W3_A6,0.0,0.0,0.3759124087591241,0.0,0.0,0.0,0.0,0.0,0.0,0.0,0.06,0.0,50.0,0.0017976760864257812,0.028635215759277344,166.0,0.015132820438380027
42,BATADAL_CHRON,Unseen,Automata_W4_A3,0.0,0.0,0.6206896551724138,0.0,0.0,0.0,0.0,0.0,0.0,0.0,0.04,0.0,25.0,0.0018002510070800782,0.011603021621704101,71.0,0.026383654036897443
43,BATADAL_CHRON,Unseen,Automata_W4_A4,0.0,0.0,0.32019704433497537,0.0,0.0,0.0,0.0,0.0,0.0,0.0,0.031914893617021274,0.0,94.0,0.0017770290374755859,0.15206403732299806,153.0,0.01114955786236063
44,BATADAL_CHRON,Unseen,Automata_W4_A5,0.0,0.0,0.12807881773399016,0.0,0.0,0.0,0.0,0.0,0.0,0.0,0.045454545454545456,0.0,154.0,0.0018005847930908203,0.46390323638916015,259.0,0.005784052116098448
45,BATADAL_CHRON,Unseen,Automata_W4_A6,0.0,0.0,0.1330049261083744,0.0,0.0,0.0,0.0,0.0,0.0,0.0,0.041666666666666664,0.0,168.0,0.0019976615905761717,0.8794405937194825,361.0,0.0037752933142010886
46,BATADAL_CHRON,Unseen,Automata_W5_A3,0.0,0.0,0.5660377358490566,0.0,0.0,0.0,0.0,0.0,0.0,0.0,0.03571428571428571,0.0,28.0,0.0016029834747314452,0.0697965145111084,127.0,0.012338024676049351
47,BATADAL_CHRON,Unseen,Automata_W5_A4,0.0,0.0,0.16981132075471697,0.0,0.0,0.0,0.0,0.0,0.0,0.0,0.008771929824561403,0.0,114.0,0.002001237869262695,0.6927707195281982,268.0,0.0048451770995767435
48,BATADAL_CHRON,Unseen,Automata_W5_A5,0.0,0.0,0.050314465408805034,0.0,0.0,0.0,0.0,0.0,0.0,0.0,0.014084507042253521,0.0,142.0,0.0017998695373535156,1.5632444381713868,355.0,0.0033802816901408453
49,BATADAL_CHRON,Unseen,Automata_W5_A6,0.0,0.0,0.012578616352201259,0.0,0.0,0.0,0.0,0.0,0.0,0.0,0.00641025641025641,0.0,156.0,0.0019986629486083984,2.275860548019409,428.0,0.002593021224561097
50,BATADAL_CHRON,Unseen,Automata_W6_A3,0.0,0.0,0.0,0.0,0.0,0.0,0.0,0.0,0.0,0.0,0.0,0.0,127.0,0.001420307159423828,1.4198579788208008,225.0,0.005728395061728395
51,BATADAL_CHRON,Unseen,Automata_W6_A4,0.0,0.0,0.0,0.0,0.0,0.0,0.0,0.0,0.0,0.0,0.0,0.0,129.0,0.002192258834838867,2.680033016204834,314.0,0.003620836545093107
52,BATADAL_CHRON,Unseen,Automata_W6_A5,0.0,0.0,0.0,0.0,0.0,0.0,0.0,0.0,0.0,0.0,0.0,0.0,129.0,0.002019023895263672,3.5416134357452393,375.0,0.0028017777777777776
53,BATADAL_CHRON,Unseen,Automata_W6_A6,0.0,0.0,0.0,0.0,0.0,0.0,0.0,0.0,0.0,0.0,0.0,0.0,129.0,0.001598215103149414,3.587507438659668,393.0,0.002602800924577045
54,BATADAL_CHRON,Unseen,CNN1D,0.0,0.0,0.9039615846338535,0.0,0.0,0.0,0.0,0.0,,,,,,2.3462957382202148,0.01119823455810547,,
55,BATADAL_CHRON,Unseen,GRU,0.0,0.0,0.9039615846338535,0.0,0.0,0.0,0.0,0.0,,,,,,1.533658218383789,0.017803525924682616,,
56,BATADAL_CHRON,Unseen,LSTM,0.0,0.0,0.9027611044417767,0.001697735368995324,0.0,0.0,0.0,0.0,,,,,,1.9336059093475342,0.01840038299560547,,
57,SKAB_Fold1,Gaussian_Noise,Automata_W3_A3,0.42179583780136537,0.018489484533140046,0.6228152101400933,0.007225158407771744,0.539740281852582,0.012807341053788479,0.34630872483221475,0.020120241226739964,1.0,0.0,0.6151515151515151,0.293574046613136,13.2,0.009222030639648438,0.0038138866424560548,17.0,0.11764705882352941
58,SKAB_Fold1,Gaussian_Noise,Automata_W3_A4,0.45662537585659574,0.017014775381382966,0.6214809873248832,0.014390135833687145,0.5324819240856998,0.024754511662089865,0.4,0.01671969552799075,0.9864010120177102,0.02121978013563092,0.6933298410649299,0.11133770025853058,74.2,0.008607196807861327,0.016371726989746094,26.0,0.07692307692307693
59,SKAB_Fold1,Gaussian_Noise,Automata_W3_A5,0.48454476612013153,0.013107178792132365,0.5255503669112741,0.0150979559598749,0.42661999995679684,0.013472180551389955,0.560738255033557,0.012909653732665314,0.9954519285127162,0.004167632609604624,0.7263529145452476,0.08206602486797197,174.4,0.00932483673095703,0.04218835830688476,34.0,0.05709342560553633
60,SKAB_Fold1,Gaussian_Noise,Automata_W3_A6,0.43251530272199695,0.02293959928600746,0.60920613742495,0.0145347639483908,0.511875992764975,0.024569432465217533,0.3748322147651007,0.024619303100033116,0.8425530531892396,0.020997343084075557,0.602744466185582,0.04314656952660301,277.6,0.00901932716369629,0.08692011833190919,42.0,0.0481859410430839
61,SKAB_Fold1,Gaussian_Noise,Automata_W4_A3,0.6319391030221667,0.006780631518153595,0.7791257805530776,0.004212566977026805,0.7631177268111597,0.017322747046872276,0.5395939086294416,0.013738445281953653,0.77,0.43531597719357834,0.77,0.43531597719357834,9.0,0.008201408386230468,0.00579991340637207,34.0,0.05622837370242215
62,SKAB_Fold1,Gaussian_Noise,Automata_W4_A4,0.5385722963110915,0.03147882383013942,0.6870651204281891,0.021999742385320712,0.5594304575432236,0.03373433804119067,0.5197969543147207,0.03509520003541849,0.9649595074425845,0.04108068871688163,0.5012885725661019,0.10437730878938935,84.0,0.008995914459228515,0.0680471420288086,49.0,0.036234902124114954
63,SKAB_Fold1,Gaussian_Noise,Automata_W4_A5,0.6140834294462848,0.007919413977556291,0.6667261373773417,0.009022610389645136,0.5178618577691092,0.009024592159738762,0.7543147208121828,0.008302247326800054,0.9793407311745668,0.017359612749138408,0.3798721731990035,0.04351133513562859,266.0,0.008423423767089844,0.22839884757995604,63.0,0.027714789619551528
64,SKAB_Fold1,Gaussian_Noise,Automata_W4_A6,0.56704254483415,0.031125464024988246,0.6940231935771632,0.017661899976113594,0.5636003377728349,0.023310522546143957,0.5710659898477157,0.04201255166813919,0.867696175066863,0.014653538456010582,0.6406697510161877,0.044468355581624,252.0,0.008042383193969726,0.32595100402832033,81.0,0.02255753696082914
65,SKAB_Fold1,Gaussian_Noise,Automata_W5_A3,0.4952573744762713,0.02429354358709034,0.6501118568232662,0.013867539607489904,0.6796707379888821,0.025346433412823423,0.3898477157360406,0.024449938231050343,0.9765079365079364,0.04124541401628374,0.6406726424022031,0.15064309450725835,50.0,0.007790803909301758,0.048574304580688475,64.0,0.025634765625
66,SKAB_Fold1,Gaussian_Noise,Automata_W5_A4,0.4848744869763726,0.046785814890507864,0.5988814317673379,0.03203677838339201,0.5582384979402869,0.04712482035112108,0.4294416243654823,0.05093245298621671,0.9730696605696606,0.020111710931647438,0.3897185649755133,0.07608261589459751,154.6,0.00799856185913086,0.2884231090545654,83.0,0.018144868631151112
67,SKAB_Fold1,Gaussian_Noise,Automata_W5_A5,0.6806619153592888,0.010020009685346117,0.6863534675615213,0.013319888721793464,0.6178635047942722,0.016739287352902147,0.7583756345177666,0.02111333435846235,0.947110627058042,0.01795788987462102,0.5789582651729024,0.02428610712898432,375.2,0.008994293212890626,1.1302246570587158,95.0,0.015290858725761771
68,SKAB_Fold1,Gaussian_Noise,Automata_W5_A6,0.5470097677053769,0.009609426484755748,0.6035794183445191,0.0072749944257311655,0.5509501575333047,0.008146846637239547,0.5431472081218274,0.011491605505250484,0.9075739363315863,0.027041416997236705,0.49377382247668844,0.020711133675051188,268.0,0.008580255508422851,1.052810001373291,143.0,0.011149689471367793
69,SKAB_Fold1,Gaussian_Noise,Automata_W6_A3,0.3873633048207392,0.01821298448655363,0.49743589743589745,0.011941604213564891,0.5504559455945595,0.020168615739421403,0.29898477157360404,0.01715781094533561,0.965442792501616,0.018132320979621475,0.5051998944018722,0.07112381211008813,137.2,0.0076195716857910155,0.5062593936920166,99.0,0.014182226303438425
70,SKAB_Fold1,Gaussian_Noise,Automata_W6_A4,0.5121379815852299,0.06396200554046885,0.560863697705803,0.04196141384808643,0.6215208463308387,0.04286784349159057,0.4370558375634518,0.07288728535067994,0.9843105101332362,0.018881664255640408,0.5653485129132415,0.059404911036934877,201.8,0.00876007080078125,0.9709795951843262,121.0,0.010655009903695103
71,SKAB_Fold1,Gaussian_Noise,Automata_W6_A5,0.7557574966618434,0.029083664974859827,0.7222672064777328,0.03076508720354053,0.7092065442254691,0.022271402799187334,0.8091370558375635,0.0404661187154757,0.9825722623196601,0.00942025175939673,0.6984739064909535,0.020002824810597827,401.4,0.00857853889465332,2.975168466567993,128.0,0.0098876953125
72,SKAB_Fold1,Gaussian_Noise,Automata_W6_A6,0.6345828480251419,0.0173945483826154,0.6186234817813765,0.00923218967691609,0.6467001772249242,0.008224184178250984,0.6238578680203045,0.03613521578723736,0.9596046206911618,0.012152700003349432,0.6356369176526719,0.02267617648507536,336.0,0.008002042770385742,3.436676359176636,198.0,0.006836037139067443
73,SKAB_Fold1,Gaussian_Noise,CNN1D,0.4138235404789262,0.024258540788979405,0.691259982253771,0.00592201457641089,0.5911119477085627,0.012556805796783789,0.3187823834196891,0.025960921313025184,,,,,,22.728433322906493,0.06863179206848144,,
74,SKAB_Fold1,Gaussian_Noise,GRU,0.5469674602261021,0.019137132130051315,0.7055900621118012,0.006549371349275662,0.5781047293455515,0.009752220813504126,0.5196891191709845,0.031558801390099346,,,,,,28.37169990539551,0.15652003288269042,,
75,SKAB_Fold1,Gaussian_Noise,LSTM,0.5494636904815344,0.013120898545153454,0.6933895297249334,0.00669060190695003,0.5533410607973087,0.011364012125814608,0.5463730569948186,0.027219800539506303,,,,,,20.401840686798096,0.10836939811706543,,
76,SKAB_Fold1,Original,Automata_W3_A3,0.1069182389937107,0.0,0.6210807204803203,0.0,0.85,0.0,0.057046979865771806,0.0,0.0,0.0,0.0,0.0,0.0,0.008200597763061524,0.0034017562866210938,17.0,0.11764705882352941
77,SKAB_Fold1,Original,Automata_W3_A4,0.06451612903225806,0.0,0.6130753835890593,0.0,0.8333333333333334,0.0,0.03355704697986577,0.0,1.0,0.0,1.0,0.0,3.0,0.008187437057495117,0.0030077457427978515,26.0,0.07692307692307693
78,SKAB_Fold1,Original,Automata_W3_A5,0.27371273712737126,0.0,0.6424282855236825,0.0,0.7112676056338029,0.0,0.16946308724832215,0.0,0.0,0.0,0.0,0.0,0.0,0.00781102180480957,0.00260009765625,34.0,0.05709342560553633
79,SKAB_Fold1,Original,Automata_W3_A6,0.0660377358490566,0.0,0.6037358238825884,0.0,0.525,0.0,0.03523489932885906,0.0,0.6666666666666666,0.0,0.6666666666666666,0.0,3.0,0.007823705673217773,0.0023935317993164064,42.0,0.0481859410430839
80,SKAB_Fold1,Original,Automata_W4_A3,0.09069212410501193,0.0,0.6601248884924175,0.0,0.76,0.0,0.048223350253807105,0.0,0.0,0.0,0.0,0.0,0.0,0.006995630264282226,0.0018245220184326173,34.0,0.05622837370242215
81,SKAB_Fold1,Original,Automata_W4_A4,0.11764705882352941,0.0,0.6654772524531668,0.0,0.8064516129032258,0.0,0.06345177664974619,0.0,1.0,0.0,1.0,0.0,5.0,0.007178163528442383,0.004995155334472656,49.0,0.036234902124114954
82,SKAB_Fold1,Original,Automata_W4_A5,0.2788844621513944,0.0,0.6770740410347904,0.0,0.6481481481481481,0.0,0.17766497461928935,0.0,0.0,0.0,0.0,0.0,22.0,0.007139396667480469,0.017421579360961913,63.0,0.027714789619551528
83,SKAB_Fold1,Original,Automata_W4_A6,0.06407322654462243,0.0,0.6351471900089206,0.0,0.32558139534883723,0.0,0.03553299492385787,0.0,0.8,0.0,0.8,0.0,5.0,0.007599306106567383,0.006389093399047851,81.0,0.02255753696082914
84,SKAB_Fold1,Original,Automata_W5_A3,0.07710843373493977,0.0,0.5715883668903803,0.0,0.7619047619047619,0.0,0.04060913705583756,0.0,0.0,0.0,0.0,0.0,0.0,0.0078013896942138675,0.001999950408935547,64.0,0.025634765625
85,SKAB_Fold1,Original,Automata_W5_A4,0.10023866348448687,0.0,0.5782997762863534,0.0,0.8400000000000001,0.0,0.05329949238578681,0.0,1.0,0.0,1.0,0.0,8.0,0.006614065170288086,0.01656818389892578,83.0,0.018144868631151112
86,SKAB_Fold1,Original,Automata_W5_A5,0.3225806451612903,0.0,0.6241610738255033,0.0,0.7843137254901961,0.0,0.20304568527918782,0.0,0.880952380952381,0.0,0.78,0.0,50.0,0.007203149795532227,0.09628806114196778,95.0,0.015290858725761771
87,SKAB_Fold1,Original,Automata_W5_A6,0.0639269406392694,0.0,0.5413870246085011,0.0,0.3181818181818182,0.0,0.03553299492385787,0.0,0.875,0.0,0.42105263157894735,0.0,19.0,0.007616424560546875,0.050156450271606444,143.0,0.011149689471367793
88,SKAB_Fold1,Original,Automata_W6_A3,0.033816425120772944,0.0,0.46018893387314447,0.0,0.35,0.0,0.017766497461928935,0.0,0.0,0.0,0.0,0.0,7.0,0.00697479248046875,0.018582677841186522,99.0,0.014182226303438425
89,SKAB_Fold1,Original,Automata_W6_A4,0.07582938388625593,0.0,0.47368421052631576,0.0,0.5714285714285714,0.0,0.04060913705583756,0.0,1.0,0.0,0.5,0.0,20.0,0.006996822357177734,0.10761828422546386,121.0,0.010655009903695103
90,SKAB_Fold1,Original,Automata_W6_A5,0.45048543689320386,0.0,0.6180836707152496,0.0,0.9586776859504132,0.0,0.29441624365482233,0.0,0.9680851063829788,0.0,0.9680851063829788,0.0,94.0,0.0072043418884277345,0.47191610336303713,128.0,0.0098876953125
91,SKAB_Fold1,Original,Automata_W6_A6,0.13394919168591224,0.0,0.4939271255060729,0.0,0.7435897435897436,0.0,0.07360406091370558,0.0,0.8275862068965518,0.0,0.6666666666666666,0.0,36.0,0.00722050666809082,0.31716070175170896,198.0,0.006836037139067443
92,SKAB_Fold1,Original,CNN1D,0.4166917525061441,0.01830714083895545,0.7452972493345164,0.005100593907714097,0.9655635114213975,0.0028906691220955526,0.26580310880829017,0.014830050600592337,,,,,,24.184658908843993,0.05697364807128906,,
93,SKAB_Fold1,Original,GRU,0.6567611272505836,0.04126673108005376,0.8246672582076309,0.015504640889896469,0.9921662454478335,0.001989963707804178,0.4919689119170984,0.04564017658610934,,,,,,23.938997077941895,0.13020291328430175,,
94,SKAB_Fold1,Original,LSTM,0.6856754981313007,0.06874950160764372,0.8349157054125997,0.02487213676171782,0.9737391691475207,0.02325129629828619,0.5338082901554404,0.08288434892701367,,,,,,24.760999536514284,0.13169703483581544,,
95,SKAB_Fold1,Unseen,Automata_W3_A3,0.1069182389937107,0.0,0.6210807204803203,0.0,0.85,0.0,0.057046979865771806,0.0,0.0,0.0,0.0,0.0,0.0,0.01331024169921875,0.0034216880798339845,17.0,0.11764705882352941
96,SKAB_Fold1,Unseen,Automata_W3_A4,0.06451612903225806,0.0,0.6130753835890593,0.0,0.8333333333333334,0.0,0.03355704697986577,0.0,1.0,0.0,1.0,0.0,3.0,0.011982297897338868,0.0037965297698974608,26.0,0.07692307692307693
97,SKAB_Fold1,Unseen,Automata_W3_A5,0.27371273712737126,0.0,0.6424282855236825,0.0,0.7112676056338029,0.0,0.16946308724832215,0.0,0.0,0.0,0.0,0.0,0.0,0.011597490310668946,0.0034026622772216795,34.0,0.05709342560553633
98,SKAB_Fold1,Unseen,Automata_W3_A6,0.0660377358490566,0.0,0.6037358238825884,0.0,0.525,0.0,0.03523489932885906,0.0,0.6666666666666666,0.0,0.6666666666666666,0.0,3.0,0.013402509689331054,0.005198049545288086,42.0,0.0481859410430839
99,SKAB_Fold1,Unseen,Automata_W4_A3,0.09069212410501193,0.0,0.6601248884924175,0.0,0.76,0.0,0.048223350253807105,0.0,0.0,0.0,0.0,0.0,0.0,0.011000347137451173,0.002997875213623047,34.0,0.05622837370242215
100,SKAB_Fold1,Unseen,Automata_W4_A4,0.11764705882352941,0.0,0.6654772524531668,0.0,0.8064516129032258,0.0,0.06345177664974619,0.0,1.0,0.0,1.0,0.0,5.0,0.010599136352539062,0.006397247314453125,49.0,0.036234902124114954
101,SKAB_Fold1,Unseen,Automata_W4_A5,0.2788844621513944,0.0,0.6770740410347904,0.0,0.6481481481481481,0.0,0.17766497461928935,0.0,0.0,0.0,0.0,0.0,22.0,0.00998983383178711,0.01998133659362793,63.0,0.027714789619551528
102,SKAB_Fold1,Unseen,Automata_W4_A6,0.06407322654462243,0.0,0.6351471900089206,0.0,0.32558139534883723,0.0,0.03553299492385787,0.0,0.8,0.0,0.8,0.0,5.0,0.00923299789428711,0.006999158859252929,81.0,0.02255753696082914
103,SKAB_Fold1,Unseen,Automata_W5_A3,0.07710843373493977,0.0,0.5715883668903803,0.0,0.7619047619047619,0.0,0.04060913705583756,0.0,0.0,0.0,0.0,0.0,0.0,0.008521413803100586,0.003207492828369141,64.0,0.025634765625
104,SKAB_Fold1,Unseen,Automata_W5_A4,0.10023866348448687,0.0,0.5782997762863534,0.0,0.8400000000000001,0.0,0.05329949238578681,0.0,1.0,0.0,1.0,0.0,8.0,0.009203100204467773,0.022795343399047853,83.0,0.018144868631151112
105,SKAB_Fold1,Unseen,Automata_W5_A5,0.3225806451612903,0.0,0.6241610738255033,0.0,0.7843137254901961,0.0,0.20304568527918782,0.0,0.880952380952381,0.0,0.78,0.0,50.0,0.008797216415405273,0.11254267692565918,95.0,0.015290858725761771
106,SKAB_Fold1,Unseen,Automata_W5_A6,0.0639269406392694,0.0,0.5413870246085011,0.0,0.3181818181818182,0.0,0.03553299492385787,0.0,0.875,0.0,0.42105263157894735,0.0,19.0,0.00937204360961914,0.05705127716064453,143.0,0.011149689471367793
107,SKAB_Fold1,Unseen,Automata_W6_A3,0.033816425120772944,0.0,0.46018893387314447,0.0,0.35,0.0,0.017766497461928935,0.0,0.0,0.0,0.0,0.0,7.0,0.007643461227416992,0.020940017700195313,99.0,0.014182226303438425
108,SKAB_Fold1,Unseen,Automata_W6_A4,0.07582938388625593,0.0,0.47368421052631576,0.0,0.5714285714285714,0.0,0.04060913705583756,0.0,1.0,0.0,0.5,0.0,20.0,0.008204889297485352,0.12181143760681153,121.0,0.010655009903695103
109,SKAB_Fold1,Unseen,Automata_W6_A5,0.45048543689320386,0.0,0.6180836707152496,0.0,0.9586776859504132,0.0,0.29441624365482233,0.0,0.9680851063829788,0.0,0.9680851063829788,0.0,94.0,0.008190059661865234,0.5320121288299561,128.0,0.0098876953125
110,SKAB_Fold1,Unseen,Automata_W6_A6,0.13394919168591224,0.0,0.4939271255060729,0.0,0.7435897435897436,0.0,0.07360406091370558,0.0,0.8275862068965518,0.0,0.6666666666666666,0.0,36.0,0.007805299758911133,0.33866095542907715,198.0,0.006836037139067443
111,SKAB_Fold1,Unseen,CNN1D,0.425845841498528,0.013834504062615645,0.7480479148181012,0.003529782481085348,0.9698337455324386,0.008750908716203912,0.27292746113989635,0.01157316548804498,,,,,,33.020320653915405,0.1434016704559326,,
112,SKAB_Fold1,Unseen,GRU,0.6986093914376582,0.02746030633001674,0.8408606921029282,0.010880424830674312,0.9920172755758528,0.0021994159605813217,0.5397668393782383,0.03321976994983379,,,,,,26.613563346862794,0.15065040588378906,,
113,SKAB_Fold1,Unseen,LSTM,0.6947296634794247,0.047752253028471046,0.8376220053238687,0.01819867448370002,0.9694859798264304,0.013142641762976009,0.5433937823834196,0.05809372487011897,,,,,,28.996069145202636,0.17711787223815917,,
114,SKAB_Fold2,Gaussian_Noise,Automata_W3_A3,0.20847811013847473,0.035284042837449764,0.37602143335565974,0.025019232869869228,0.2095666656999069,0.034363376987052933,0.20743243243243245,0.03625662706104474,0.0,0.0,0.0,0.0,27.6,0.012006330490112304,0.006419515609741211,17.0,0.11764705882352941
115,SKAB_Fold2,Gaussian_Noise,Automata_W3_A4,0.21280162805631453,0.01909805669650829,0.4395177494976557,0.013111517002804723,0.24009193947746912,0.019183164607926118,0.19121621621621623,0.019348406842265346,0.8977777777777778,0.10012338067616715,0.096808886557088,0.038341736937812065,129.2,0.012900733947753906,0.030584955215454103,25.0,0.08
116,SKAB_Fold2,Gaussian_Noise,Automata_W3_A5,0.20330123201682454,0.018535358102420057,0.3962491627595445,0.012651808657058384,0.2131195151889933,0.01632844025416418,0.19459459459459458,0.02147995183650247,0.961478494623656,0.03614886808270131,0.15788296780937955,0.021548333125908887,316.0,0.012219381332397462,0.09145607948303222,31.0,0.06139438085327784
117,SKAB_Fold2,Gaussian_Noise,Automata_W3_A6,0.2617375819965157,0.025987535573547604,0.40428667113194905,0.011827099423925519,0.2570002383663138,0.020639389147249332,0.2668918918918919,0.032338158309251096,0.8643471560253108,0.0419267837763375,0.2945365000643751,0.0371988846845253,468.8,0.012003326416015625,0.18314967155456544,40.0,0.05125
118,SKAB_Fold2,Gaussian_Noise,Automata_W4_A3,0.49061109628105115,0.05267352982470468,0.6488809310653536,0.03959619498241235,0.4328368505394896,0.04933489418719691,0.5663663663663663,0.05656497142568696,0.2,0.447213595499958,0.11666666666666667,0.2608745973749755,15.8,0.011190462112426757,0.012006235122680665,34.0,0.05017301038062284
119,SKAB_Fold2,Gaussian_Noise,Automata_W4_A4,0.37950090849379503,0.04360599811140657,0.6687555953446733,0.018746993367387558,0.4288736638087601,0.041493625654329416,0.3405405405405405,0.04447081435059041,0.8832233935682211,0.10009589034136927,0.3775054301234154,0.08977934625593156,95.0,0.011403274536132813,0.11618666648864746,52.0,0.03550295857988166
120,SKAB_Fold2,Gaussian_Noise,Automata_W4_A5,0.38914305667136523,0.01803207390638698,0.6048343777976724,0.013272742562755022,0.3610107736457966,0.017605127895715254,0.4222222222222222,0.020978077113000575,0.8663463547376159,0.03653941798909353,0.3964835408301749,0.0365170930637452,242.2,0.01180272102355957,0.30083608627319336,59.0,0.030163746049985635
121,SKAB_Fold2,Gaussian_Noise,Automata_W4_A6,0.5628302505062768,0.021685788329696715,0.642256042972247,0.023367702847795362,0.44312445321025046,0.021287919405377657,0.7717717717717718,0.02591993468713528,0.9216618301486281,0.029261756877091535,0.48308922188659054,0.04453525496654368,448.2,0.011812162399291993,0.7893899917602539,81.0,0.022252705380277397
122,SKAB_Fold2,Gaussian_Noise,Automata_W5_A3,0.6461525108598237,0.02670457424529042,0.7350561797752808,0.022237541886592015,0.6471946835295002,0.037966795921396686,0.6462462462462463,0.031092322175482984,1.0,0.0,0.6423930671518114,0.07606830617187371,114.6,0.010972023010253906,0.1352306365966797,48.0,0.029513888888888888
123,SKAB_Fold2,Gaussian_Noise,Automata_W5_A4,0.605627256363921,0.025488334570171103,0.7242696629213483,0.013752001151275726,0.6516897184397821,0.023418961315801647,0.566966966966967,0.040031280323082404,0.9510412131588601,0.022892018658635972,0.6462531561412158,0.07515059460050788,111.2,0.011400985717773437,0.32593765258789065,97.0,0.016686151557019874
124,SKAB_Fold2,Gaussian_Noise,Automata_W5_A5,0.6208537435818025,0.04563508847676708,0.681123595505618,0.036860098141426365,0.5590396514455873,0.03929766965185848,0.6984984984984985,0.05786530427193425,0.9376719509878002,0.013228375311777991,0.5478518290910357,0.04730243595001907,356.8,0.011416292190551758,1.275075101852417,103.0,0.015270053727966821
125,SKAB_Fold2,Gaussian_Noise,Automata_W5_A6,0.656033674537646,0.015174543991825704,0.6719101123595506,0.01632116746779094,0.5398768970095251,0.014377990998156403,0.836036036036036,0.018705599402279217,0.9357354816089757,0.01339282148006536,0.5687484327045585,0.024674584319930765,434.8,0.011586904525756836,2.333399248123169,137.0,0.010975544781288295
126,SKAB_Fold2,Gaussian_Noise,Automata_W6_A3,0.7818801066961776,0.05380569081955961,0.821680216802168,0.03646723878438156,0.8653475378689061,0.025618365608474736,0.715915915915916,0.07978047055539716,0.9851860210595298,0.009705903986236592,0.8579642059893617,0.046247624710091945,178.6,0.010416889190673828,0.6899417400360107,68.0,0.018598615916955018
127,SKAB_Fold2,Gaussian_Noise,Automata_W6_A4,0.781372375679781,0.04048956869756471,0.807859078590786,0.026438394376437583,0.7987602875711578,0.011602580214051705,0.7675675675675675,0.07470177461014349,0.9647998219499818,0.006621963593972698,0.8213480576441103,0.024559993384169844,253.4,0.01127033233642578,1.931748342514038,134.0,0.010637112942748942
128,SKAB_Fold2,Gaussian_Noise,Automata_W6_A5,0.7574532075904712,0.02386815578415452,0.7571815718157182,0.027875102158533956,0.6911953038182179,0.03332166844251327,0.8396396396396396,0.037603545567564,0.967701602269002,0.006059622317314723,0.6795531268596733,0.04241352444243956,366.2,0.010981178283691407,3.48085880279541,140.0,0.009693877551020408
129,SKAB_Fold2,Gaussian_Noise,Automata_W6_A6,0.7285179067923233,0.01915483415387206,0.6991869918699187,0.026099404179211694,0.6153454742919325,0.023615573614437956,0.8936936936936938,0.026993639704797883,0.9669938550510253,0.013653309992024987,0.6746114855248514,0.03352164480588962,423.4,0.011402416229248046,5.8449609756469725,186.0,0.007226268932824605
130,SKAB_Fold2,Gaussian_Noise,CNN1D,0.5505168576273172,0.07492102786077068,0.7756792873051225,0.021084974929483476,0.8665267067426752,0.029614796199884257,0.4088599348534202,0.08371221434221995,,,,,,15.386818790435791,0.11899304389953613,,
131,SKAB_Fold2,Gaussian_Noise,GRU,0.6914410256865793,0.01747836087331463,0.7452561247216035,0.021475408001793775,0.5912951605079012,0.02641646570431492,0.833485342019544,0.014225244626924987,,,,,,31.622812509536743,0.2430248260498047,,
132,SKAB_Fold2,Gaussian_Noise,LSTM,0.6838261683700488,0.01917560098393766,0.7343875278396437,0.02639296888573058,0.5784546218937925,0.03164912228430541,0.8379153094462541,0.012794297342923795,,,,,,38.03069715499878,0.25735931396484374,,
133,SKAB_Fold2,Original,Automata_W3_A3,0.0,0.0,0.5445411922304085,0.0,0.0,0.0,0.0,0.0,0.0,0.0,0.0,0.0,0.0,0.012378501892089843,0.003598737716674805,17.0,0.11764705882352941
134,SKAB_Fold2,Original,Automata_W3_A4,0.08862629246676514,0.0,0.5867381111855325,0.0,0.35294117647058826,0.0,0.05067567567567568,0.0,0.0,0.0,0.25,0.0,4.0,0.011639261245727539,0.003999853134155273,25.0,0.08
135,SKAB_Fold2,Original,Automata_W3_A5,0.06334841628959276,0.0,0.5840589417280643,0.0,0.29577464788732394,0.0,0.03547297297297297,0.0,0.0,0.0,0.0,0.0,0.0,0.011997556686401368,0.0034217357635498045,31.0,0.06139438085327784
136,SKAB_Fold2,Original,Automata_W3_A6,0.04892966360856269,0.0,0.5833891493636972,0.0,0.25806451612903225,0.0,0.02702702702702703,0.0,0.0,0.0,0.0,0.0,0.0,0.012185955047607422,0.0036102771759033204,40.0,0.05125
137,SKAB_Fold2,Original,Automata_W4_A3,0.08040201005025126,0.0,0.6723366159355416,0.0,0.24615384615384617,0.0,0.04804804804804805,0.0,0.0,0.0,0.0,0.0,0.0,0.011802053451538086,0.003007984161376953,34.0,0.05017301038062284
138,SKAB_Fold2,Original,Automata_W4_A4,0.11488250652741513,0.0,0.6965085049239033,0.0,0.44000000000000006,0.0,0.06606606606606606,0.0,0.0,0.0,0.0,0.0,5.0,0.011422252655029297,0.006806612014770508,52.0,0.03550295857988166
139,SKAB_Fold2,Original,Automata_W4_A5,0.0759493670886076,0.0,0.6732318710832588,0.0,0.24193548387096775,0.0,0.04504504504504504,0.0,0.0,0.0,0.0,0.0,6.0,0.01161041259765625,0.009598398208618164,59.0,0.030163746049985635
140,SKAB_Fold2,Original,Automata_W4_A6,0.16080402010050251,0.0,0.7009847806624888,0.0,0.49230769230769234,0.0,0.0960960960960961,0.0,1.0,0.0,0.5,0.0,10.0,0.011222362518310547,0.01600027084350586,81.0,0.022252705380277397
141,SKAB_Fold2,Original,Automata_W5_A3,0.1343669250645995,0.0,0.6235955056179775,0.0,0.4814814814814815,0.0,0.07807807807807808,0.0,1.0,0.0,0.6666666666666666,0.0,18.0,0.011385536193847657,0.016794538497924803,48.0,0.029513888888888888
142,SKAB_Fold2,Original,Automata_W5_A4,0.20725388601036268,0.0,0.6561797752808989,0.0,0.7547169811320755,0.0,0.12012012012012012,0.0,1.0,0.0,0.6111111111111112,0.0,18.0,0.011180305480957031,0.04419999122619629,97.0,0.016686151557019874
143,SKAB_Fold2,Original,Automata_W5_A5,0.3826879271070615,0.0,0.6955056179775281,0.0,0.7924528301886793,0.0,0.25225225225225223,0.0,0.9565217391304348,0.0,0.7213114754098361,0.0,61.0,0.011826229095458985,0.14488019943237304,103.0,0.015270053727966821
144,SKAB_Fold2,Original,Automata_W5_A6,0.14871794871794872,0.0,0.6269662921348315,0.0,0.5087719298245614,0.0,0.08708708708708708,0.0,1.0,0.0,0.5769230769230769,0.0,26.0,0.011797094345092773,0.0808100700378418,137.0,0.010975544781288295
145,SKAB_Fold2,Original,Automata_W6_A3,0.20212765957446804,0.0,0.5934959349593496,0.0,0.8837209302325582,0.0,0.11411411411411412,0.0,0.9285714285714286,0.0,0.9285714285714286,0.0,14.0,0.010794496536254883,0.03549375534057617,68.0,0.018598615916955018
146,SKAB_Fold2,Original,Automata_W6_A4,0.33170731707317075,0.0,0.6287262872628726,0.0,0.8831168831168832,0.0,0.2042042042042042,0.0,0.95,0.0,0.6666666666666666,0.0,30.0,0.010796403884887696,0.1665820598602295,134.0,0.010637112942748942
147,SKAB_Fold2,Original,Automata_W6_A5,0.3686635944700461,0.0,0.6287262872628726,0.0,0.7920792079207921,0.0,0.24024024024024024,0.0,0.9821428571428571,0.0,0.7671232876712328,0.0,73.0,0.011197471618652343,0.5718332290649414,140.0,0.009693877551020408
148,SKAB_Fold2,Original,Automata_W6_A6,0.23786407766990295,0.0,0.5745257452574526,0.0,0.620253164556962,0.0,0.14714714714714713,0.0,1.0,0.0,0.5526315789473685,0.0,38.0,0.011596870422363282,0.30890440940856934,186.0,0.007226268932824605
149,SKAB_Fold2,Original,CNN1D,0.6353047996333983,0.11160633094138261,0.8188418708240535,0.04153080679037143,0.9854812196694999,0.011673218951720132,0.47843648208469053,0.12977224860327094,,,,,,18.316988277435303,0.12678828239440917,,
150,SKAB_Fold2,Original,GRU,0.8285913609903315,0.0382103643677613,0.8775055679287306,0.03566361580927828,0.8129378202317487,0.09832371128247247,0.8526384364820847,0.026818719311397145,,,,,,28.092415523529052,0.24974145889282226,,
151,SKAB_Fold2,Original,LSTM,0.842614596419821,0.026185887888209084,0.8913140311804009,0.023548586789909166,0.8457671513420862,0.07464636711710951,0.8439087947882736,0.025052227168279855,,,,,,34.30414614677429,0.2659486770629883,,
152,SKAB_Fold2,Unseen,Automata_W3_A3,0.0,0.0,0.5445411922304085,0.0,0.0,0.0,0.0,0.0,0.0,0.0,0.0,0.0,0.0,0.012180471420288086,0.0033833980560302734,17.0,0.11764705882352941
153,SKAB_Fold2,Unseen,Automata_W3_A4,0.08862629246676514,0.0,0.5867381111855325,0.0,0.35294117647058826,0.0,0.05067567567567568,0.0,0.0,0.0,0.25,0.0,4.0,0.012596750259399414,0.01519918441772461,25.0,0.08
154,SKAB_Fold2,Unseen,Automata_W3_A5,0.06334841628959276,0.0,0.5840589417280643,0.0,0.29577464788732394,0.0,0.03547297297297297,0.0,0.0,0.0,0.0,0.0,0.0,0.012793588638305663,0.0033614635467529297,31.0,0.06139438085327784
155,SKAB_Fold2,Unseen,Automata_W3_A6,0.04892966360856269,0.0,0.5833891493636972,0.0,0.25806451612903225,0.0,0.02702702702702703,0.0,0.0,0.0,0.0,0.0,0.0,0.02118096351623535,0.004598855972290039,40.0,0.05125
156,SKAB_Fold2,Unseen,Automata_W4_A3,0.08040201005025126,0.0,0.6723366159355416,0.0,0.24615384615384617,0.0,0.04804804804804805,0.0,0.0,0.0,0.0,0.0,0.0,0.011006975173950195,0.0029987335205078126,34.0,0.05017301038062284
157,SKAB_Fold2,Unseen,Automata_W4_A4,0.11488250652741513,0.0,0.6965085049239033,0.0,0.44000000000000006,0.0,0.06606606606606606,0.0,0.0,0.0,0.0,0.0,5.0,0.01158146858215332,0.0067806243896484375,52.0,0.03550295857988166
158,SKAB_Fold2,Unseen,Automata_W4_A5,0.0759493670886076,0.0,0.6732318710832588,0.0,0.24193548387096775,0.0,0.04504504504504504,0.0,0.0,0.0,0.0,0.0,6.0,0.011781597137451172,0.010436439514160156,59.0,0.030163746049985635
159,SKAB_Fold2,Unseen,Automata_W4_A6,0.16080402010050251,0.0,0.7009847806624888,0.0,0.49230769230769234,0.0,0.0960960960960961,0.0,1.0,0.0,0.5,0.0,10.0,0.011190509796142578,0.015633058547973634,81.0,0.022252705380277397
160,SKAB_Fold2,Unseen,Automata_W5_A3,0.1343669250645995,0.0,0.6235955056179775,0.0,0.4814814814814815,0.0,0.07807807807807808,0.0,1.0,0.0,0.6666666666666666,0.0,18.0,0.01203932762145996,0.016245460510253905,48.0,0.029513888888888888
161,SKAB_Fold2,Unseen,Automata_W5_A4,0.20725388601036268,0.0,0.6561797752808989,0.0,0.7547169811320755,0.0,0.12012012012012012,0.0,1.0,0.0,0.6111111111111112,0.0,18.0,0.011579179763793945,0.04529805183410644,97.0,0.016686151557019874
162,SKAB_Fold2,Unseen,Automata_W5_A5,0.3826879271070615,0.0,0.6955056179775281,0.0,0.7924528301886793,0.0,0.25225225225225223,0.0,0.9565217391304348,0.0,0.7213114754098361,0.0,61.0,0.01101980209350586,0.163071346282959,103.0,0.015270053727966821
163,SKAB_Fold2,Unseen,Automata_W5_A6,0.14871794871794872,0.0,0.6269662921348315,0.0,0.5087719298245614,0.0,0.08708708708708708,0.0,1.0,0.0,0.5769230769230769,0.0,26.0,0.014819049835205078,0.08942642211914062,137.0,0.010975544781288295
164,SKAB_Fold2,Unseen,Automata_W6_A3,0.20212765957446804,0.0,0.5934959349593496,0.0,0.8837209302325582,0.0,0.11411411411411412,0.0,0.9285714285714286,0.0,0.9285714285714286,0.0,14.0,0.011215877532958985,0.037562990188598634,68.0,0.018598615916955018
165,SKAB_Fold2,Unseen,Automata_W6_A4,0.33170731707317075,0.0,0.6287262872628726,0.0,0.8831168831168832,0.0,0.2042042042042042,0.0,0.95,0.0,0.6666666666666666,0.0,30.0,0.0114013671875,0.17242717742919922,134.0,0.010637112942748942
166,SKAB_Fold2,Unseen,Automata_W6_A5,0.3686635944700461,0.0,0.6287262872628726,0.0,0.7920792079207921,0.0,0.24024024024024024,0.0,0.9821428571428571,0.0,0.7671232876712328,0.0,73.0,0.01180262565612793,0.5640889167785644,140.0,0.009693877551020408
167,SKAB_Fold2,Unseen,Automata_W6_A6,0.23786407766990295,0.0,0.5745257452574526,0.0,0.620253164556962,0.0,0.14714714714714713,0.0,1.0,0.0,0.5526315789473685,0.0,38.0,0.012193870544433594,0.32234973907470704,186.0,0.007226268932824605
168,SKAB_Fold2,Unseen,CNN1D,0.5372784874048808,0.10707737900552802,0.7853452115812918,0.03509558718104235,0.9947898485382645,0.0074863953842877985,0.3747231270358306,0.10659023705939538,,,,,,14.721967411041259,0.11930046081542969,,
169,SKAB_Fold2,Unseen,GRU,0.83584717156516,0.024052041235186408,0.885968819599109,0.022707321338039765,0.8304785387364954,0.056739537581753804,0.8437785016286645,0.014020900119676464,,,,,,41.306580018997195,0.24047040939331055,,
170,SKAB_Fold2,Unseen,LSTM,0.8176229510337013,0.02745359550814306,0.8677951002227171,0.025993390905230652,0.7805653938724036,0.05776670878551894,0.8611074918566775,0.012777700763952954,,,,,,33.6407377243042,0.2566279411315918,,
171,SKAB_Fold3,Gaussian_Noise,Automata_W3_A3,0.3863612202119945,0.023386226838028233,0.6,0.002817908100195947,0.4869258456468465,0.005039723203795616,0.3212947189097104,0.03222419425185859,0.7777777777777778,0.43744488188954506,0.3820403280929597,0.2886665928771929,29.0,0.012598800659179687,0.007397842407226562,17.0,0.11764705882352941
172,SKAB_Fold3,Gaussian_Noise,Automata_W3_A4,0.4069650403480348,0.024800805209482725,0.6018754186202278,0.013417597881160877,0.49110420892355444,0.024206572312332315,0.34787052810902896,0.02724126448348802,0.9299934610257994,0.03375234381234765,0.5288819988378097,0.06683072555261153,144.6,0.012601613998413086,0.034204959869384766,26.0,0.07692307692307693
173,SKAB_Fold3,Gaussian_Noise,Automata_W3_A5,0.4356228630262745,0.013404023936173357,0.553516409912927,0.01574795660783457,0.4334224595131001,0.018302221706462743,0.43816013628620104,0.014222576807319809,0.9049545652143326,0.029514581197800194,0.5017185131946295,0.03105582150556673,324.4,0.012594842910766601,0.10720009803771972,34.0,0.05795847750865052
174,SKAB_Fold3,Gaussian_Noise,Automata_W3_A6,0.4741599567320806,0.01868175685287538,0.5691895512391159,0.012650035577565829,0.4560552854348215,0.014366252329564391,0.49471890971039184,0.03442322762982115,0.8333662318243323,0.017569518236071727,0.4971018247858918,0.017156149192033846,493.2,0.012581348419189453,0.19337859153747558,40.0,0.05125
175,SKAB_Fold3,Gaussian_Noise,Automata_W4_A3,0.30991487187585137,0.013485920811227679,0.5976723366159356,0.008022405306076976,0.3941864359125766,0.013690515258825807,0.2556962025316456,0.016308985730031797,0.9214743589743589,0.09847622753677707,0.5431386733925434,0.19973491639162533,25.8,0.011197090148925781,0.016011667251586915,32.0,0.0537109375
176,SKAB_Fold3,Gaussian_Noise,Automata_W4_A4,0.4544209209357229,0.023218527771654958,0.642614145031334,0.017433355695094823,0.4941931278516173,0.029227269342122834,0.4207594936708861,0.020830382208328335,0.9230790390291116,0.052801301143783605,0.47847488816902156,0.05054798929588332,196.6,0.011400604248046875,0.1831515312194824,51.0,0.03652441368704344
177,SKAB_Fold3,Gaussian_Noise,Automata_W4_A5,0.39500130837885045,0.035466819110975566,0.5285586392121755,0.03502153005210106,0.3622715535802888,0.037155231881961556,0.43443037974683546,0.032647432226081366,0.8173655473655475,0.04081281653465089,0.3443282432479074,0.04482507890425293,312.8,0.011786317825317383,0.4527711868286133,66.0,0.028007346189164374
178,SKAB_Fold3,Gaussian_Noise,Automata_W4_A6,0.5171093716361513,0.02791124032331097,0.5883616830796777,0.02873476168781097,0.4423089561992595,0.027291853267713675,0.6227848101265823,0.03110938158846707,0.8521387485672353,0.023760035672531817,0.48889910651655166,0.022474527965806953,441.2,0.011189889907836915,0.7782588481903077,79.0,0.023073225444640282
179,SKAB_Fold3,Gaussian_Noise,Automata_W5_A3,0.23816037869299772,0.02139287077471002,0.4795505617977528,0.01116268243327621,0.3400911737402029,0.019802853856687983,0.1837974683544304,0.022186230177424444,0.9233333333333332,0.05962847939999442,0.3792041944983121,0.09325611007250008,47.2,0.011429166793823243,0.054882240295410153,54.0,0.02777777777777778
180,SKAB_Fold3,Gaussian_Noise,Automata_W5_A4,0.5129259898928911,0.03881322523081984,0.5932584269662922,0.03794526919273771,0.5493412142791454,0.05217446859123333,0.4820253164556962,0.035334372298466636,0.9695594048674506,0.026027380486117857,0.49995713202874337,0.06809624694043796,164.0,0.01140127182006836,0.5188428878784179,99.0,0.016732986429956128
181,SKAB_Fold3,Gaussian_Noise,Automata_W5_A5,0.5395114414750083,0.031026445439748456,0.5546067415730337,0.022480335499187723,0.4982097916873614,0.020485709131289668,0.589367088607595,0.051492700039389855,0.9405595813990084,0.012793459256397409,0.4443242170713644,0.048355938630091286,328.0,0.011417198181152343,1.534753942489624,117.0,0.013733654759295786
182,SKAB_Fold3,Gaussian_Noise,Automata_W5_A6,0.5976305797341235,0.02118244422871317,0.5667415730337079,0.022494370797738784,0.5083529053893816,0.01775590552547419,0.7250632911392405,0.02822529363477214,0.9478550178692167,0.01885845286824753,0.4624930142930599,0.036042887022753586,394.8,0.011600017547607422,2.465436553955078,146.0,0.010696190654907112
183,SKAB_Fold3,Gaussian_Noise,Automata_W6_A3,0.2599239930596769,0.024078299374212672,0.4327913279132791,0.02466348005014974,0.43384837769658635,0.04470533698001079,0.18632911392405063,0.020535999788023552,0.9759049461177121,0.022878829404440654,0.4156675248470765,0.11952421512861752,75.2,0.01099395751953125,0.2357787609100342,82.0,0.017251635930993457
184,SKAB_Fold3,Gaussian_Noise,Automata_W6_A4,0.5137220293930707,0.024718714527843053,0.5086720867208672,0.017991600301842464,0.5459071521028813,0.018397606601084072,0.4855696202531646,0.033076508882186446,0.9786917735252455,0.008196048036976458,0.5660492398676851,0.05029221333379234,232.0,0.011802387237548829,1.9278784275054932,160.0,0.0087890625
185,SKAB_Fold3,Gaussian_Noise,Automata_W6_A5,0.5732006613379498,0.01877903537876718,0.5308943089430894,0.01868740055074178,0.5586661212397168,0.01629915378231397,0.5888607594936708,0.026406895818542362,0.9588802624132582,0.010960650579379533,0.5394565081671355,0.03536530949236159,340.4,0.011576461791992187,3.7512192726135254,177.0,0.007756391841424878
186,SKAB_Fold3,Gaussian_Noise,Automata_W6_A6,0.6363461244206242,0.021530574100935083,0.5403794037940379,0.029382243298259097,0.552318316076081,0.022283560282533574,0.7513924050632912,0.03403156964841817,0.971531617965279,0.00995717502274463,0.55055765670418,0.0402157724813897,446.6,0.010998153686523437,6.645200157165528,215.0,0.006316928069226608
187,SKAB_Fold3,Gaussian_Noise,CNN1D,0.6402063537716802,0.01886484491914972,0.7861884606816663,0.008355090113628142,0.7572312338156852,0.04847623427475897,0.5590345727332029,0.0520382796482169,,,,,,31.780631732940673,0.1283264636993408,,
188,SKAB_Fold3,Gaussian_Noise,GRU,0.6477167494559921,0.00422893150428509,0.6879928714635776,0.010649323117247379,0.5274191443166402,0.01054740919600621,0.8396607958251794,0.01442783175572006,,,,,,27.70233373641968,0.24936866760253906,,
189,SKAB_Fold3,Gaussian_Noise,LSTM,0.6535648875533295,0.0050494472234161696,0.7036756515927823,0.007424184917831209,0.544112067606988,0.008211653022572723,0.8183953033268102,0.011416456955723632,,,,,,31.009679317474365,0.22640576362609863,,
190,SKAB_Fold3,Original,Automata_W3_A3,0.0288,0.0,0.5934360348292029,0.0,0.23684210526315788,0.0,0.015332197614991484,0.0,0.0,0.0,0.0,0.0,0.0,0.011007928848266601,0.003021526336669922,17.0,0.11764705882352941
191,SKAB_Fold3,Original,Automata_W3_A4,0.12103746397694523,0.0,0.5914266577361018,0.0,0.3925233644859813,0.0,0.07155025553662692,0.0,0.0,0.0,0.14285714285714285,0.0,7.0,0.011190652847290039,0.0043909549713134766,26.0,0.07692307692307693
192,SKAB_Fold3,Original,Automata_W3_A5,0.04094488188976378,0.0,0.5920964501004689,0.0,0.2708333333333333,0.0,0.022146507666098807,0.0,1.0,0.0,0.36363636363636365,0.0,11.0,0.011011266708374023,0.005198335647583008,34.0,0.05795847750865052
193,SKAB_Fold3,Original,Automata_W3_A6,0.10935251798561149,0.0,0.5853985264567984,0.0,0.35185185185185186,0.0,0.06473594548551959,0.0,0.75,0.0,0.3333333333333333,0.0,12.0,0.011400461196899414,0.0066032886505126955,40.0,0.05125
194,SKAB_Fold3,Original,Automata_W4_A3,0.013921113689095127,0.0,0.6195165622202328,0.0,0.08333333333333333,0.0,0.00759493670886076,0.0,0.0,0.0,0.0,0.0,0.0,0.010802459716796876,0.0026004791259765627,32.0,0.0537109375
195,SKAB_Fold3,Original,Automata_W4_A4,0.1729957805907173,0.0,0.649059982094897,0.0,0.5189873417721519,0.0,0.10379746835443038,0.0,0.0,0.0,0.2,0.0,10.0,0.010583305358886718,0.010200166702270507,51.0,0.03652441368704344
196,SKAB_Fold3,Original,Automata_W4_A5,0.0136986301369863,0.0,0.6132497761862131,0.0,0.06976744186046512,0.0,0.00759493670886076,0.0,0.0,0.0,0.16666666666666666,0.0,6.0,0.010400199890136718,0.00941920280456543,66.0,0.028007346189164374
197,SKAB_Fold3,Original,Automata_W4_A6,0.17777777777777778,0.0,0.6356311548791406,0.0,0.44000000000000006,0.0,0.11139240506329114,0.0,0.8333333333333334,0.0,0.3333333333333333,0.0,21.0,0.010394477844238281,0.026415586471557617,79.0,0.023073225444640282
198,SKAB_Fold3,Original,Automata_W5_A3,0.03755868544600939,0.0,0.5393258426966292,0.0,0.25806451612903225,0.0,0.020253164556962026,0.0,0.0,0.0,0.16666666666666666,0.0,6.0,0.010201358795166015,0.010201597213745117,54.0,0.02777777777777778
199,SKAB_Fold3,Original,Automata_W5_A4,0.285140562248996,0.0,0.6,0.0,0.6893203883495146,0.0,0.17974683544303796,0.0,1.0,0.0,0.6551724137931034,0.0,29.0,0.01022510528564453,0.07457079887390136,99.0,0.016732986429956128
200,SKAB_Fold3,Original,Automata_W5_A5,0.0625,0.0,0.5280898876404494,0.0,0.2641509433962264,0.0,0.035443037974683546,0.0,0.8461538461538461,0.0,0.46153846153846156,0.0,26.0,0.010985040664672851,0.07845792770385743,117.0,0.013733654759295786
201,SKAB_Fold3,Original,Automata_W5_A6,0.36964980544747084,0.0,0.6359550561797753,0.0,0.7983193277310925,0.0,0.24050632911392406,0.0,0.9032258064516128,0.0,0.6818181818181818,0.0,44.0,0.010608482360839843,0.17913222312927246,146.0,0.010696190654907112
202,SKAB_Fold3,Original,Automata_W6_A3,0.08275862068965517,0.0,0.45934959349593496,0.0,0.45,0.0,0.04556962025316456,0.0,1.0,0.0,1.0,0.0,8.0,0.00977482795715332,0.030189657211303712,82.0,0.017251635930993457
203,SKAB_Fold3,Original,Automata_W6_A4,0.34782608695652173,0.0,0.5528455284552846,0.0,0.7927927927927928,0.0,0.22278481012658227,0.0,0.8695652173913043,0.0,0.8695652173913043,0.0,23.0,0.01017155647277832,0.1574479103088379,160.0,0.0087890625
204,SKAB_Fold3,Original,Automata_W6_A5,0.14945054945054945,0.0,0.47560975609756095,0.0,0.5666666666666667,0.0,0.08607594936708861,0.0,0.8787878787878787,0.0,0.5357142857142857,0.0,56.0,0.011819553375244141,0.4016777515411377,177.0,0.007756391841424878
205,SKAB_Fold3,Original,Automata_W6_A6,0.4555984555984556,0.0,0.6178861788617886,0.0,0.959349593495935,0.0,0.29873417721518986,0.0,0.9183673469387756,0.0,0.9183673469387756,0.0,49.0,0.010183000564575195,0.45921950340270995,215.0,0.006316928069226608
206,SKAB_Fold3,Original,CNN1D,0.6632570379548213,0.00912803412275817,0.8233905101358877,0.0017212246622483633,0.9508461694612445,0.017997801210926128,0.5095890410958904,0.0157801091863886,,,,,,27.05903787612915,0.11761832237243652,,
207,SKAB_Fold3,Original,GRU,0.8365682356736057,0.03485568833192544,0.8775673869458677,0.03308765164955072,0.7779181454112122,0.06363588047646437,0.9080234833659491,0.007732074097279635,,,,,,30.32544026374817,0.20897879600524902,,
208,SKAB_Fold3,Original,LSTM,0.8455980538533341,0.023407694008351465,0.8865226108264647,0.021083906202978186,0.7942570113388806,0.044868025445112585,0.9055446836268753,0.006021124988500635,,,,,,30.654814863204955,0.22685551643371582,,
209,SKAB_Fold3,Unseen,Automata_W3_A3,0.0288,0.0,0.5934360348292029,0.0,0.23684210526315788,0.0,0.015332197614991484,0.0,0.0,0.0,0.0,0.0,0.0,0.011003541946411132,0.0034060001373291014,17.0,0.11764705882352941
210,SKAB_Fold3,Unseen,Automata_W3_A4,0.12103746397694523,0.0,0.5914266577361018,0.0,0.3925233644859813,0.0,0.07155025553662692,0.0,0.0,0.0,0.14285714285714285,0.0,7.0,0.011710119247436524,0.004701042175292968,26.0,0.07692307692307693
211,SKAB_Fold3,Unseen,Automata_W3_A5,0.04094488188976378,0.0,0.5920964501004689,0.0,0.2708333333333333,0.0,0.022146507666098807,0.0,1.0,0.0,0.36363636363636365,0.0,11.0,0.013677072525024415,0.00642242431640625,34.0,0.05795847750865052
212,SKAB_Fold3,Unseen,Automata_W3_A6,0.10935251798561149,0.0,0.5853985264567984,0.0,0.35185185185185186,0.0,0.06473594548551959,0.0,0.75,0.0,0.3333333333333333,0.0,12.0,0.013726139068603515,0.009296417236328125,40.0,0.05125
213,SKAB_Fold3,Unseen,Automata_W4_A3,0.013921113689095127,0.0,0.6195165622202328,0.0,0.08333333333333333,0.0,0.00759493670886076,0.0,0.0,0.0,0.0,0.0,0.0,0.011800718307495118,0.003212308883666992,32.0,0.0537109375
214,SKAB_Fold3,Unseen,Automata_W4_A4,0.1729957805907173,0.0,0.649059982094897,0.0,0.5189873417721519,0.0,0.10379746835443038,0.0,0.0,0.0,0.2,0.0,10.0,0.012517166137695313,0.011080360412597657,51.0,0.03652441368704344
215,SKAB_Fold3,Unseen,Automata_W4_A5,0.0136986301369863,0.0,0.6132497761862131,0.0,0.06976744186046512,0.0,0.00759493670886076,0.0,0.0,0.0,0.16666666666666666,0.0,6.0,0.011518287658691406,0.010791730880737305,66.0,0.028007346189164374
216,SKAB_Fold3,Unseen,Automata_W4_A6,0.17777777777777778,0.0,0.6356311548791406,0.0,0.44000000000000006,0.0,0.11139240506329114,0.0,0.8333333333333334,0.0,0.3333333333333333,0.0,21.0,0.01249394416809082,0.03170113563537598,79.0,0.023073225444640282
217,SKAB_Fold3,Unseen,Automata_W5_A3,0.03755868544600939,0.0,0.5393258426966292,0.0,0.25806451612903225,0.0,0.020253164556962026,0.0,0.0,0.0,0.16666666666666666,0.0,6.0,0.012791204452514648,0.01249995231628418,54.0,0.02777777777777778
218,SKAB_Fold3,Unseen,Automata_W5_A4,0.285140562248996,0.0,0.6,0.0,0.6893203883495146,0.0,0.17974683544303796,0.0,1.0,0.0,0.6551724137931034,0.0,29.0,0.013984012603759765,0.11399002075195312,99.0,0.016732986429956128
219,SKAB_Fold3,Unseen,Automata_W5_A5,0.0625,0.0,0.5280898876404494,0.0,0.2641509433962264,0.0,0.035443037974683546,0.0,0.8461538461538461,0.0,0.46153846153846156,0.0,26.0,0.011700248718261719,0.08898663520812988,117.0,0.013733654759295786
220,SKAB_Fold3,Unseen,Automata_W5_A6,0.36964980544747084,0.0,0.6359550561797753,0.0,0.7983193277310925,0.0,0.24050632911392406,0.0,0.9032258064516128,0.0,0.6818181818181818,0.0,44.0,0.012400388717651367,0.1999974727630615,146.0,0.010696190654907112
221,SKAB_Fold3,Unseen,Automata_W6_A3,0.08275862068965517,0.0,0.45934959349593496,0.0,0.45,0.0,0.04556962025316456,0.0,1.0,0.0,1.0,0.0,8.0,0.010399293899536134,0.03189406394958496,82.0,0.017251635930993457
222,SKAB_Fold3,Unseen,Automata_W6_A4,0.34782608695652173,0.0,0.5528455284552846,0.0,0.7927927927927928,0.0,0.22278481012658227,0.0,0.8695652173913043,0.0,0.8695652173913043,0.0,23.0,0.010895872116088867,0.16539969444274902,160.0,0.0087890625
223,SKAB_Fold3,Unseen,Automata_W6_A5,0.14945054945054945,0.0,0.47560975609756095,0.0,0.5666666666666667,0.0,0.08607594936708861,0.0,0.8787878787878787,0.0,0.5357142857142857,0.0,56.0,0.011099720001220703,0.435197639465332,177.0,0.007756391841424878
224,SKAB_Fold3,Unseen,Automata_W6_A6,0.4555984555984556,0.0,0.6178861788617886,0.0,0.959349593495935,0.0,0.29873417721518986,0.0,0.9183673469387756,0.0,0.9183673469387756,0.0,49.0,0.012002944946289062,0.5604310035705566,215.0,0.006316928069226608
225,SKAB_Fold3,Unseen,CNN1D,0.6646587528833336,0.011842191230056826,0.8241479171307642,0.0025232699914714395,0.9531204426837274,0.021606240140175877,0.5107632093933463,0.01960748645164926,,,,,,31.6906888961792,0.1211176872253418,,
226,SKAB_Fold3,Unseen,GRU,0.8446611387708085,0.03793283206621465,0.8844286032523947,0.03297188915482209,0.7942304445199,0.0847181719647005,0.9076320939334638,0.016285699183628963,,,,,,40.27066879272461,0.2776021480560303,,
227,SKAB_Fold3,Unseen,LSTM,0.8464260353496224,0.03798172235182723,0.8865226108264647,0.03294787452865201,0.7972731496331347,0.0711124200390015,0.9054142204827136,0.007480329381069619,,,,,,41.74341297149658,0.3391977310180664,,
228,SKAB_Fold4,Gaussian_Noise,Automata_W3_A3,0.2639612176741421,0.03308552227923911,0.4385607603530211,0.013102687756699774,0.35107635466707043,0.026189216861624096,0.21225071225071224,0.035081510985825515,1.0,0.0,0.5698412698412698,0.2557231039043918,8.0,0.010200166702270507,0.003999185562133789,17.0,0.11764705882352941
229,SKAB_Fold4,Gaussian_Noise,Automata_W3_A4,0.2540159469794485,0.02385316539016554,0.4706042090970808,0.007701698737755208,0.38590445104755944,0.02343193545784623,0.18945868945868946,0.02076549820101602,0.8538766956414016,0.06606537366241816,0.32073012643440335,0.06160402682702023,104.4,0.01000370979309082,0.022598695755004884,26.0,0.07692307692307693
230,SKAB_Fold4,Gaussian_Noise,Automata_W3_A5,0.3309899311963793,0.02778262755370474,0.4086897488119484,0.02329580439480446,0.35913410238180143,0.02825673934596195,0.3071225071225071,0.02862503623988238,0.9238349992714759,0.021336677899289228,0.3425974017554347,0.028986992031214534,373.4,0.01019892692565918,0.07709078788757324,32.0,0.0595703125
231,SKAB_Fold4,Gaussian_Noise,Automata_W3_A6,0.33554020173378973,0.030477394730861834,0.4482009504412763,0.017042623608444562,0.39311234803856165,0.027084328628730725,0.2928774928774929,0.03178266673400454,0.7635132840430854,0.017163516090531822,0.3930159909264009,0.025784563345029436,342.6,0.009006309509277343,0.103118896484375,40.0,0.05187499999999999
232,SKAB_Fold4,Gaussian_Noise,Automata_W4_A3,0.02033798343758944,0.007524922051394606,0.3704174228675136,0.024123257415097535,0.023054912190298118,0.00847147057922076,0.018227848101265823,0.0067931179063284745,1.0,0.0,0.6790255496137849,0.31116287601333975,9.6,0.007876729965209961,0.005988073348999023,33.0,0.05325987144168962
233,SKAB_Fold4,Gaussian_Noise,Automata_W4_A4,0.14325546319067967,0.015147859090454725,0.52994555353902,0.01311872259056348,0.20692904068706158,0.017242868362541432,0.10987341772151897,0.014609152451902285,0.7533333333333333,0.08027729719194868,0.18739858706089182,0.04775910366353114,85.0,0.00839238166809082,0.0658048152923584,52.0,0.03550295857988166
234,SKAB_Fold4,Gaussian_Noise,Automata_W4_A5,0.4006591630962978,0.008649601816521205,0.530852994555354,0.007726581835719808,0.3695736701936275,0.00854974664837065,0.4374683544303798,0.009022040344914163,0.9821364670308323,0.015588695421420431,0.44228503039242045,0.02533969667309472,374.2,0.008415937423706055,0.34251956939697265,60.0,0.03055555555555555
235,SKAB_Fold4,Gaussian_Noise,Automata_W4_A6,0.31753516867747594,0.03839863332279848,0.4197822141560799,0.024690067666413216,0.2741767297428198,0.029444307125597254,0.3777215189873418,0.05398403984738332,0.8586080586080586,0.08552740969679432,0.09411659200482328,0.008074409116627206,280.0,0.00885787010192871,0.4061317443847656,84.0,0.021400226757369613
236,SKAB_Fold4,Gaussian_Noise,Automata_W5_A3,0.05325647943339793,0.004080007113781835,0.3195899772209567,0.014009574598346203,0.07131689262328451,0.006189805147066752,0.042531645569620254,0.003300861977317796,1.0,0.0,0.14811971942791752,0.025974184366774674,106.0,0.007523012161254883,0.09758820533752441,52.0,0.028106508875739643
237,SKAB_Fold4,Gaussian_Noise,Automata_W5_A4,0.1691243089617443,0.022715725719783468,0.4006833712984054,0.01765192142693337,0.2247067141206096,0.019977853223779225,0.1362025316455696,0.024243067584555168,0.8272727272727274,0.026831179438903608,0.29594776454759913,0.02640324225363445,73.4,0.007841730117797851,0.18862562179565429,94.0,0.017768220914440924
238,SKAB_Fold4,Gaussian_Noise,Automata_W5_A5,0.4920626191488048,0.021090741917422835,0.5373576309794988,0.022281001876229153,0.48680738145531316,0.02501811473562776,0.4982278481012658,0.027524005923902577,0.973362947651659,0.011416321359328577,0.553815989682979,0.034964778546385696,344.8,0.00840754508972168,1.0190547466278077,101.0,0.015390647975688659
239,SKAB_Fold4,Gaussian_Noise,Automata_W5_A6,0.46994438806995886,0.016473581334101116,0.44191343963553537,0.01373842606129249,0.41030018855316924,0.011391763775444708,0.550379746835443,0.030146786119704724,0.9620504788669366,0.008051095339840641,0.40156781330380686,0.01581547338182943,426.8,0.008406829833984376,1.7626105308532716,143.0,0.010611765856521101
240,SKAB_Fold4,Gaussian_Noise,Automata_W6_A3,0.12066811558037745,0.04313932370373697,0.27994505494505495,0.034469538380989755,0.17867553029850858,0.06375659324882287,0.09113924050632911,0.03271607084384831,1.0,0.0,0.1670925899394568,0.06559981385797634,142.6,0.00760354995727539,0.4846139907836914,69.0,0.017853392144507457
241,SKAB_Fold4,Gaussian_Noise,Automata_W6_A4,0.2174310344059916,0.016732672644739655,0.31263736263736264,0.013339036688252988,0.28438700223674906,0.016777136476218518,0.17620253164556962,0.01646543042178137,0.9191311612364244,0.025453578916817973,0.2253215714257891,0.04417336968468871,162.6,0.008405923843383789,0.9597923755645752,151.0,0.009736415069514495
242,SKAB_Fold4,Gaussian_Noise,Automata_W6_A5,0.48499203434278704,0.026693213335239725,0.4480769230769231,0.029896497580223412,0.49137403520108097,0.027905624050608573,0.47898734177215185,0.027928537459284277,0.9528300603727453,0.008543010785395645,0.5496753238431059,0.036350108602038834,318.8,0.007583713531494141,2.7463140964508055,156.0,0.009040105193951348
243,SKAB_Fold4,Gaussian_Noise,Automata_W6_A6,0.5452734726655478,0.019398995763737978,0.44313186813186817,0.02080035025435922,0.4894856792429807,0.014990730038364672,0.6156962025316456,0.029108419953022394,0.9766385693624382,0.005234519516536997,0.4815988420129922,0.019941930870118568,439.0,0.007801961898803711,4.931063222885132,202.0,0.00664150573473189
244,SKAB_Fold4,Gaussian_Noise,CNN1D,0.8100872431740141,0.010625334323124567,0.8819864559819413,0.0048974315300491554,0.9684572598553489,0.01259162086413845,0.6966292134831461,0.020978798223228536,,,,,,8.88845090866089,0.0807960033416748,,
245,SKAB_Fold4,Gaussian_Noise,GRU,0.7919796602892679,0.02409781531252337,0.8403611738148985,0.02615706446374702,0.7548262414853678,0.05362999393480447,0.8358302122347065,0.018679716613539298,,,,,,19.98755226135254,0.12005228996276855,,
246,SKAB_Fold4,Gaussian_Noise,LSTM,0.7792064583729588,0.02031380846203144,0.8266365688487586,0.020383634686174823,0.7245433244361504,0.03645730052522061,0.8439450686641699,0.014145155048220523,,,,,,15.805350160598755,0.13090739250183106,,
247,SKAB_Fold4,Original,Automata_W3_A3,0.011065006915629323,0.0,0.5145960624575696,0.0,0.19047619047619047,0.0,0.005698005698005698,0.0,1.0,0.0,1.0,0.0,4.0,0.00960540771484375,0.004189157485961914,17.0,0.11764705882352941
248,SKAB_Fold4,Original,Automata_W3_A4,0.06998654104979811,0.0,0.5308893414799728,0.0,0.6341463414634146,0.0,0.037037037037037035,0.0,0.5,0.0,0.375,0.0,8.0,0.009804248809814453,0.0034027099609375,26.0,0.07692307692307693
249,SKAB_Fold4,Original,Automata_W3_A5,0.07397622192866579,0.0,0.5241004752206382,0.0,0.509090909090909,0.0,0.039886039886039885,0.0,0.8571428571428571,0.0,0.5,0.0,12.0,0.01079854965209961,0.005802679061889649,32.0,0.0595703125
250,SKAB_Fold4,Original,Automata_W3_A6,0.06598984771573604,0.0,0.5003394433129668,0.0,0.3023255813953488,0.0,0.037037037037037035,0.0,0.5,0.0,0.375,0.0,8.0,0.01152944564819336,0.005598926544189453,40.0,0.05187499999999999
251,SKAB_Fold4,Original,Automata_W4_A3,0.028776978417266185,0.0,0.632486388384755,0.0,0.2727272727272727,0.0,0.01518987341772152,0.0,1.0,0.0,1.0,0.0,5.0,0.010005712509155273,0.004794120788574219,33.0,0.05325987144168962
252,SKAB_Fold4,Original,Automata_W4_A4,0.02252252252252252,0.0,0.6061705989110708,0.0,0.10204081632653061,0.0,0.012658227848101267,0.0,0.6666666666666666,0.0,0.4166666666666667,0.0,12.0,0.011180973052978516,0.01199951171875,52.0,0.03550295857988166
253,SKAB_Fold4,Original,Automata_W4_A5,0.022573363431151242,0.0,0.6070780399274047,0.0,0.10416666666666667,0.0,0.012658227848101267,0.0,0.7142857142857143,0.0,0.46153846153846156,0.0,13.0,0.010602474212646484,0.016199827194213867,60.0,0.03055555555555555
254,SKAB_Fold4,Original,Automata_W4_A6,0.1774193548387097,0.0,0.6297640653357531,0.0,0.4356435643564357,0.0,0.11139240506329114,0.0,0.8333333333333334,0.0,0.6363636363636364,0.0,11.0,0.009998607635498046,0.01760067939758301,84.0,0.021400226757369613
255,SKAB_Fold4,Original,Automata_W5_A3,0.07565011820330969,0.0,0.5546697038724373,0.0,0.5714285714285714,0.0,0.04050632911392405,0.0,1.0,0.0,1.0,0.0,16.0,0.009180784225463867,0.026607179641723634,52.0,0.028106508875739643
256,SKAB_Fold4,Original,Automata_W5_A4,0.05726872246696035,0.0,0.5125284738041003,0.0,0.22033898305084745,0.0,0.03291139240506329,0.0,0.8125,0.0,0.8125,0.0,16.0,0.008397483825683593,0.04339656829833984,94.0,0.017768220914440924
257,SKAB_Fold4,Original,Automata_W5_A5,0.06320541760722348,0.0,0.5273348519362187,0.0,0.2916666666666667,0.0,0.035443037974683546,0.0,0.75,0.0,0.5909090909090909,0.0,22.0,0.00879807472229004,0.06108922958374023,101.0,0.015390647975688659
258,SKAB_Fold4,Original,Automata_W5_A6,0.2515463917525773,0.0,0.5865603644646925,0.0,0.6777777777777778,0.0,0.15443037974683543,0.0,0.8928571428571429,0.0,0.8928571428571429,0.0,28.0,0.009220409393310546,0.091957426071167,143.0,0.010611765856521101
259,SKAB_Fold4,Original,Automata_W6_A3,0.09813084112149532,0.0,0.4697802197802198,0.0,0.6363636363636364,0.0,0.05316455696202531,0.0,1.0,0.0,1.0,0.0,19.0,0.008595991134643554,0.06263532638549804,69.0,0.017853392144507457
260,SKAB_Fold4,Original,Automata_W6_A4,0.07640449438202247,0.0,0.4354395604395604,0.0,0.34,0.0,0.043037974683544304,0.0,0.85,0.0,0.6538461538461539,0.0,26.0,0.007771444320678711,0.1863008975982666,151.0,0.009736415069514495
261,SKAB_Fold4,Original,Automata_W6_A5,0.16274089935760172,0.0,0.46291208791208793,0.0,0.5277777777777778,0.0,0.09620253164556962,0.0,0.8571428571428571,0.0,0.7058823529411765,0.0,34.0,0.009397554397583007,0.24358220100402833,156.0,0.009040105193951348
262,SKAB_Fold4,Original,Automata_W6_A6,0.39080459770114945,0.0,0.5631868131868132,0.0,0.8031496062992126,0.0,0.2582278481012658,0.0,0.9322033898305084,0.0,0.9322033898305084,0.0,59.0,0.014877939224243164,0.4888298988342285,202.0,0.00664150573473189
263,SKAB_Fold4,Original,CNN1D,0.8563071386347977,0.005164413244131432,0.9091196388261851,0.002831135367063294,0.9996706436212117,0.00045099291652600455,0.7489388264669163,0.008155568669452929,,,,,,11.975928115844727,0.09579434394836425,,
264,SKAB_Fold4,Original,GRU,0.8894133764970202,0.003958135383637078,0.9260496613995486,0.0032735268703019877,0.969182526985956,0.021658024940821287,0.8222222222222222,0.013883803021746416,,,,,,33.70492124557495,0.11420011520385742,,
265,SKAB_Fold4,Original,LSTM,0.892783592163453,0.0037698078053885575,0.9295259593679457,0.0021967025960637084,0.9922285365028038,0.0024984065844774377,0.8114856429463171,0.0069088463237137274,,,,,,39.44827303886414,0.30431504249572755,,
266,SKAB_Fold4,Unseen,Automata_W3_A3,0.011065006915629323,0.0,0.5145960624575696,0.0,0.19047619047619047,0.0,0.005698005698005698,0.0,1.0,0.0,1.0,0.0,4.0,0.00918264389038086,0.002796363830566406,17.0,0.11764705882352941
267,SKAB_Fold4,Unseen,Automata_W3_A4,0.06998654104979811,0.0,0.5308893414799728,0.0,0.6341463414634146,0.0,0.037037037037037035,0.0,0.5,0.0,0.375,0.0,8.0,0.008393621444702149,0.003602933883666992,26.0,0.07692307692307693
268,SKAB_Fold4,Unseen,Automata_W3_A5,0.07397622192866579,0.0,0.5241004752206382,0.0,0.509090909090909,0.0,0.039886039886039885,0.0,0.8571428571428571,0.0,0.5,0.0,12.0,0.009779691696166992,0.00541834831237793,32.0,0.0595703125
269,SKAB_Fold4,Unseen,Automata_W3_A6,0.06598984771573604,0.0,0.5003394433129668,0.0,0.3023255813953488,0.0,0.037037037037037035,0.0,0.5,0.0,0.375,0.0,8.0,0.009398317337036133,0.004599905014038086,40.0,0.05187499999999999
270,SKAB_Fold4,Unseen,Automata_W4_A3,0.028776978417266185,0.0,0.632486388384755,0.0,0.2727272727272727,0.0,0.01518987341772152,0.0,1.0,0.0,1.0,0.0,5.0,0.0097991943359375,0.004588270187377929,33.0,0.05325987144168962
271,SKAB_Fold4,Unseen,Automata_W4_A4,0.02252252252252252,0.0,0.6061705989110708,0.0,0.10204081632653061,0.0,0.012658227848101267,0.0,0.6666666666666666,0.0,0.4166666666666667,0.0,12.0,0.00902385711669922,0.01078171730041504,52.0,0.03550295857988166
272,SKAB_Fold4,Unseen,Automata_W4_A5,0.022573363431151242,0.0,0.6070780399274047,0.0,0.10416666666666667,0.0,0.012658227848101267,0.0,0.7142857142857143,0.0,0.46153846153846156,0.0,13.0,0.008201265335083007,0.014004707336425781,60.0,0.03055555555555555
273,SKAB_Fold4,Unseen,Automata_W4_A6,0.1774193548387097,0.0,0.6297640653357531,0.0,0.4356435643564357,0.0,0.11139240506329114,0.0,0.8333333333333334,0.0,0.6363636363636364,0.0,11.0,0.007775354385375977,0.012817096710205079,84.0,0.021400226757369613
274,SKAB_Fold4,Unseen,Automata_W5_A3,0.07565011820330969,0.0,0.5546697038724373,0.0,0.5714285714285714,0.0,0.04050632911392405,0.0,1.0,0.0,1.0,0.0,16.0,0.009018898010253906,0.026201391220092775,52.0,0.028106508875739643
275,SKAB_Fold4,Unseen,Automata_W5_A4,0.05726872246696035,0.0,0.5125284738041003,0.0,0.22033898305084745,0.0,0.03291139240506329,0.0,0.8125,0.0,0.8125,0.0,16.0,0.008213949203491212,0.04141964912414551,94.0,0.017768220914440924
276,SKAB_Fold4,Unseen,Automata_W5_A5,0.06320541760722348,0.0,0.5273348519362187,0.0,0.2916666666666667,0.0,0.035443037974683546,0.0,0.75,0.0,0.5909090909090909,0.0,22.0,0.00766911506652832,0.05544204711914062,101.0,0.015390647975688659
277,SKAB_Fold4,Unseen,Automata_W5_A6,0.2515463917525773,0.0,0.5865603644646925,0.0,0.6777777777777778,0.0,0.15443037974683543,0.0,0.8928571428571429,0.0,0.8928571428571429,0.0,28.0,0.007795286178588867,0.08401846885681152,143.0,0.010611765856521101
278,SKAB_Fold4,Unseen,Automata_W6_A3,0.09813084112149532,0.0,0.4697802197802198,0.0,0.6363636363636364,0.0,0.05316455696202531,0.0,1.0,0.0,1.0,0.0,19.0,0.007599973678588867,0.05678019523620605,69.0,0.017853392144507457
279,SKAB_Fold4,Unseen,Automata_W6_A4,0.07640449438202247,0.0,0.4354395604395604,0.0,0.34,0.0,0.043037974683544304,0.0,0.85,0.0,0.6538461538461539,0.0,26.0,0.008119153976440429,0.16862092018127442,151.0,0.009736415069514495
280,SKAB_Fold4,Unseen,Automata_W6_A5,0.16274089935760172,0.0,0.46291208791208793,0.0,0.5277777777777778,0.0,0.09620253164556962,0.0,0.8571428571428571,0.0,0.7058823529411765,0.0,34.0,0.009409713745117187,0.22440338134765625,156.0,0.009040105193951348
281,SKAB_Fold4,Unseen,Automata_W6_A6,0.39080459770114945,0.0,0.5631868131868132,0.0,0.8031496062992126,0.0,0.2582278481012658,0.0,0.9322033898305084,0.0,0.9322033898305084,0.0,59.0,0.007582473754882813,0.403017520904541,202.0,0.00664150573473189
282,SKAB_Fold4,Unseen,CNN1D,0.8562908175337371,0.004615275136730297,0.9091196388261851,0.002536868459970432,0.9998359310910583,0.00036686923338799825,0.7488139825218477,0.007260831971832829,,,,,,9.110520553588866,0.06912846565246582,,
283,SKAB_Fold4,Unseen,GRU,0.893131741924037,0.002458065549129468,0.9286681715575622,0.0023240700092521404,0.9749870467298047,0.013875561018384771,0.8240948813982522,0.005977535390698705,,,,,,21.897192621231078,0.1231797218322754,,
284,SKAB_Fold4,Unseen,LSTM,0.8881166918879227,0.006115401152214734,0.9250112866817156,0.00586777203815155,0.9667174173191213,0.032381039692693084,0.8220973782771536,0.013697321009670239,,,,,,17.809191274642945,0.1514822483062744,,
285,SKAB_Fold5,Gaussian_Noise,Automata_W3_A3,0.5313739579183279,0.01992864352228471,0.6260927152317881,0.015286397929805042,0.5750250104776009,0.021308103117633762,0.49413580246913574,0.02229390872195203,1.0,0.0,0.6444993894993896,0.027568821201479965,62.2,0.00780019760131836,0.007400035858154297,17.0,0.11764705882352941
286,SKAB_Fold5,Gaussian_Noise,Automata_W3_A4,0.3897608409073565,0.016426797560948683,0.5619867549668874,0.006396816233665256,0.48448037734771765,0.011743713971698502,0.32623456790123456,0.019075971778225235,0.9916241638795986,0.007877203024687262,0.603708209466119,0.0509542876508802,110.6,0.00762333869934082,0.019002771377563475,26.0,0.07692307692307693
287,SKAB_Fold5,Gaussian_Noise,Automata_W3_A5,0.3622317246502213,0.0099430293484016,0.5953642384105959,0.002961679440397032,0.5598338666693092,0.008750835491674666,0.2679012345679012,0.011475921260850746,0.8309401064407913,0.03715178270862461,0.5960512520032992,0.01606493537427236,180.2,0.008185625076293945,0.036376667022705075,33.0,0.061524334251606985
288,SKAB_Fold5,Gaussian_Noise,Automata_W3_A6,0.523936705348659,0.009307706118889198,0.6226490066225165,0.006808642735086048,0.5713044989874619,0.009900315811811375,0.4839506172839506,0.012422599874998816,0.826816483716474,0.021410580155715273,0.5887893865387758,0.015713254475211717,393.2,0.0075989246368408205,0.09961609840393067,40.0,0.05125
289,SKAB_Fold5,Gaussian_Noise,Automata_W4_A3,0.5073362705534559,0.01932748815420815,0.6132860938883968,0.010768204014475924,0.46703259536530267,0.01332680683549951,0.5555555555555556,0.02993668062464725,0.17142857142857143,0.3833259389999639,0.05783235356798866,0.041539898034213395,58.0,0.007407855987548828,0.0247952938079834,33.0,0.05693296602387511
290,SKAB_Fold5,Gaussian_Noise,Automata_W4_A4,0.06981445525595578,0.004401080664753434,0.42426926483613825,0.01501844548964851,0.08315723519406817,0.005593932052820939,0.06024691358024692,0.0044854079319962825,0.2,0.447213595499958,0.09338014744627841,0.026662585984758687,104.8,0.007002639770507813,0.07554121017456054,51.0,0.03613994617454825
291,SKAB_Fold5,Gaussian_Noise,Automata_W4_A5,0.1552828335526776,0.014942211395236037,0.51674047829938,0.008010925813707676,0.20808024918828397,0.01682868689910425,0.12395061728395063,0.013456223795988851,0.6857142857142857,0.3833259389999639,0.18577476283344319,0.043596676511430406,155.6,0.007410287857055664,0.14598546028137208,67.0,0.029182445979059925
292,SKAB_Fold5,Gaussian_Noise,Automata_W4_A6,0.4095930904345303,0.021130060482696226,0.520814880425155,0.01295725317832399,0.36688119206871705,0.016015094224645584,0.4637037037037037,0.029236069364179128,0.8598512598512599,0.030073513082635898,0.22572858556103248,0.02841532384950758,327.2,0.006997299194335937,0.4280517101287842,82.0,0.022605591909577633
293,SKAB_Fold5,Gaussian_Noise,Automata_W5_A3,0.506505387585685,0.053005083209803294,0.5417777777777778,0.03246650695831129,0.4896194680325836,0.03469529398898313,0.5259259259259259,0.07485188341345242,0.9708663871704392,0.012769078365972868,0.609041172014401,0.04291294402051337,315.0,0.0068037986755371095,0.3506063938140869,57.0,0.028931979070483227
294,SKAB_Fold5,Gaussian_Noise,Automata_W5_A4,0.06379028321000811,0.02189863244258215,0.30266666666666664,0.02241031508529548,0.08063545179896439,0.027109062407680178,0.0528395061728395,0.018526747143016366,0.0,0.0,0.02499886069434786,0.020204717763769354,148.0,0.006798362731933594,0.3047625064849854,89.0,0.01628582249715945
295,SKAB_Fold5,Gaussian_Noise,Automata_W5_A5,0.2401881678545811,0.038282728269642796,0.38866666666666666,0.020807762084447304,0.2717467468709237,0.03424717901030296,0.21580246913580248,0.04089383878907524,0.8,0.4472135954999579,0.09343362211946052,0.049595144572180214,155.0,0.007296895980834961,0.46866579055786134,118.0,0.01393277793737432
296,SKAB_Fold5,Gaussian_Noise,Automata_W5_A6,0.4650446235899529,0.047876081907634115,0.4415555555555556,0.035290680055298375,0.4077760519995963,0.03349366260033613,0.5417283950617284,0.07089043261947323,0.9921960209707883,0.007596420800658535,0.4177402551971138,0.04008204979461127,496.8,0.0070017814636230465,1.7239274501800537,140.0,0.011020408163265306
297,SKAB_Fold5,Gaussian_Noise,Automata_W6_A3,0.3826754135048052,0.03773197874845328,0.37295850066934405,0.026531703650522077,0.40970428632161926,0.03127816020915076,0.3595061728395062,0.04432769301730633,0.9368270931114921,0.030819680997826466,0.4059602432729923,0.028863911038282442,244.2,0.006996870040893555,0.7683438301086426,86.0,0.016224986479177934
298,SKAB_Fold5,Gaussian_Noise,Automata_W6_A4,0.09765768937383543,0.02846460454709011,0.23078982597054884,0.015513772000876171,0.13345918918694757,0.03624704039388753,0.07703703703703704,0.023319938672824878,0.875,0.0,0.11875139741826708,0.03570541299993991,190.2,0.007132339477539063,1.0094705104827881,117.0,0.01103075462049821
299,SKAB_Fold5,Gaussian_Noise,Automata_W6_A5,0.11076073310481394,0.059826457853848894,0.23373493975903611,0.0492920877532394,0.14863644768369588,0.07877372651190251,0.08839506172839506,0.04830301147488692,0.4,0.5477225575051661,0.05256743021018623,0.03272049870391884,146.4,0.008021926879882813,1.2001684665679933,197.0,0.007111752428560386
300,SKAB_Fold5,Gaussian_Noise,Automata_W6_A6,0.36129263255525196,0.044464518564060106,0.2891566265060241,0.03219816190309423,0.35132647846914067,0.03460446817206146,0.3723456790123457,0.05639692111699811,0.9501832439864547,0.02803022223656818,0.2899957499708099,0.03157867853531809,363.8,0.0075779914855957035,3.657961893081665,198.0,0.0068105295378022655
301,SKAB_Fold5,Gaussian_Noise,CNN1D,0.6587973098165198,0.015139143048271141,0.7976651982378854,0.006184290906497274,0.8208520503503587,0.014426259167899805,0.5506203473945409,0.022566495443972844,,,,,,13.756813621520996,0.054413652420043944,,
302,SKAB_Fold5,Gaussian_Noise,GRU,0.7077142589277641,0.008692889586333716,0.7812334801762114,0.016542128847879554,0.6762217852210247,0.03712829089544524,0.744789081885856,0.02609370218126156,,,,,,19.873725128173827,0.12526421546936034,,
303,SKAB_Fold5,Gaussian_Noise,LSTM,0.700670935957859,0.0066319594742596764,0.7765198237885462,0.009095876251198483,0.6686517618176484,0.01727855678446296,0.7363523573200992,0.010012414634968334,,,,,,16.109465312957763,0.1010216236114502,,
304,SKAB_Fold5,Original,Automata_W3_A3,0.02342606149341142,0.0,0.5582781456953643,0.0,0.22857142857142856,0.0,0.012345679012345678,0.0,0.0,0.0,0.0,0.0,0.0,0.008214807510375977,0.0023816108703613283,17.0,0.11764705882352941
305,SKAB_Fold5,Original,Automata_W3_A4,0.09195402298850575,0.0,0.5814569536423841,0.0,0.6666666666666666,0.0,0.04938271604938271,0.0,0.0,0.0,0.0,0.0,0.0,0.00859375,0.0026004791259765627,26.0,0.07692307692307693
306,SKAB_Fold5,Original,Automata_W3_A5,0.0030721966205837174,0.0,0.5701986754966888,0.0,0.3333333333333333,0.0,0.0015432098765432098,0.0,0.0,0.0,0.0,0.0,0.0,0.008194255828857421,0.0025104999542236326,33.0,0.061524334251606985
307,SKAB_Fold5,Original,Automata_W3_A6,0.06321839080459771,0.0,0.5682119205298013,0.0,0.4583333333333333,0.0,0.033950617283950615,0.0,0.0,0.0,0.0,0.0,0.0,0.009067392349243164,0.0025987625122070312,40.0,0.05125
308,SKAB_Fold5,Original,Automata_W4_A3,0.013729977116704806,0.0,0.6182462356067316,0.0,0.09375,0.0,0.007407407407407407,0.0,0.0,0.0,0.0,0.0,0.0,0.008820390701293946,0.0025978565216064455,33.0,0.05693296602387511
309,SKAB_Fold5,Original,Automata_W4_A4,0.0,0.0,0.5961027457927369,0.0,0.0,0.0,0.0,0.0,0.0,0.0,0.0,0.0,0.0,0.008199357986450195,0.0022023677825927734,51.0,0.03613994617454825
310,SKAB_Fold5,Original,Automata_W4_A5,0.0,0.0,0.6359610274579274,0.0,0.0,0.0,0.0,0.0,0.0,0.0,0.0,0.0,0.0,0.007983589172363281,0.0021991729736328125,67.0,0.029182445979059925
311,SKAB_Fold5,Original,Automata_W4_A6,0.01284796573875803,0.0,0.591674047829938,0.0,0.04838709677419355,0.0,0.007407407407407407,0.0,0.0,0.0,0.0,0.0,0.0,0.00879497528076172,0.002605152130126953,82.0,0.022605591909577633
312,SKAB_Fold5,Original,Automata_W5_A3,0.0,0.0,0.5244444444444445,0.0,0.0,0.0,0.0,0.0,0.0,0.0,0.25,0.0,12.0,0.008202266693115235,0.013378620147705078,57.0,0.028931979070483227
313,SKAB_Fold5,Original,Automata_W5_A4,0.0,0.0,0.4966666666666667,0.0,0.0,0.0,0.0,0.0,0.0,0.0,0.06666666666666667,0.0,15.0,0.007200813293457032,0.014806127548217774,89.0,0.01628582249715945
314,SKAB_Fold5,Original,Automata_W5_A5,0.0,0.0,0.54,0.0,0.0,0.0,0.0,0.0,0.0,0.0,0.0,0.0,0.0,0.00680389404296875,0.0020006656646728515,118.0,0.01393277793737432
315,SKAB_Fold5,Original,Automata_W5_A6,0.0,0.0,0.4766666666666667,0.0,0.0,0.0,0.0,0.0,0.0,0.0,0.0,0.0,27.0,0.007799339294433594,0.05001664161682129,140.0,0.011020408163265306
316,SKAB_Fold5,Original,Automata_W6_A3,0.0,0.0,0.4123159303882195,0.0,0.0,0.0,0.0,0.0,0.0,0.0,0.0,0.0,10.0,0.006605625152587891,0.03126912117004395,86.0,0.016224986479177934
317,SKAB_Fold5,Original,Automata_W6_A4,0.0,0.0,0.3989290495314592,0.0,0.0,0.0,0.0,0.0,0.0,0.0,0.08695652173913043,0.0,23.0,0.0071999549865722655,0.1086198329925537,117.0,0.01103075462049821
318,SKAB_Fold5,Original,Automata_W6_A5,0.0,0.0,0.44846050870147264,0.0,0.0,0.0,0.0,0.0,0.0,0.0,0.0,0.0,0.0,0.008182001113891602,0.0020190715789794923,197.0,0.007111752428560386
319,SKAB_Fold5,Original,Automata_W6_A6,0.0,0.0,0.35475234270414996,0.0,0.0,0.0,0.0,0.0,0.0,0.0,0.0,0.0,33.0,0.0071999549865722655,0.2461336612701416,198.0,0.0068105295378022655
320,SKAB_Fold5,Original,CNN1D,0.7302370233311098,0.029818002595015575,0.8486343612334801,0.012685197770054953,0.9914650019918687,0.007876215381044167,0.578908188585608,0.03956970358483901,,,,,,14.835376930236816,0.0759847640991211,,
321,SKAB_Fold5,Original,GRU,0.8610238997443069,0.006064204245186313,0.9122026431718062,0.0049045301467056735,0.9839370519530369,0.021912038389326857,0.7656327543424317,0.005776230445153782,,,,,,14.829594707489013,0.09665040969848633,,
322,SKAB_Fold5,Original,LSTM,0.8596149775927217,0.002615549923194509,0.9122907488986783,0.001396552201246443,0.9955962096159581,0.0015693798158114218,0.7563275434243176,0.004438844620346979,,,,,,17.913273334503174,0.1155735969543457,,
323,SKAB_Fold5,Unseen,Automata_W3_A3,0.02342606149341142,0.0,0.5582781456953643,0.0,0.22857142857142856,0.0,0.012345679012345678,0.0,0.0,0.0,0.0,0.0,0.0,0.007777166366577148,0.002220010757446289,17.0,0.11764705882352941
324,SKAB_Fold5,Unseen,Automata_W3_A4,0.09195402298850575,0.0,0.5814569536423841,0.0,0.6666666666666666,0.0,0.04938271604938271,0.0,0.0,0.0,0.0,0.0,0.0,0.00760345458984375,0.0020001888275146484,26.0,0.07692307692307693
325,SKAB_Fold5,Unseen,Automata_W3_A5,0.0030721966205837174,0.0,0.5701986754966888,0.0,0.3333333333333333,0.0,0.0015432098765432098,0.0,0.0,0.0,0.0,0.0,0.0,0.007995223999023438,0.0017996788024902343,33.0,0.061524334251606985
326,SKAB_Fold5,Unseen,Automata_W3_A6,0.06321839080459771,0.0,0.5682119205298013,0.0,0.4583333333333333,0.0,0.033950617283950615,0.0,0.0,0.0,0.0,0.0,0.0,0.007601451873779297,0.0019835472106933595,40.0,0.05125
327,SKAB_Fold5,Unseen,Automata_W4_A3,0.013729977116704806,0.0,0.6182462356067316,0.0,0.09375,0.0,0.007407407407407407,0.0,0.0,0.0,0.0,0.0,0.0,0.007201337814331054,0.0015974998474121093,33.0,0.05693296602387511
328,SKAB_Fold5,Unseen,Automata_W4_A4,0.0,0.0,0.5961027457927369,0.0,0.0,0.0,0.0,0.0,0.0,0.0,0.0,0.0,0.0,0.007416915893554687,0.0022016048431396486,51.0,0.03613994617454825
329,SKAB_Fold5,Unseen,Automata_W4_A5,0.0,0.0,0.6359610274579274,0.0,0.0,0.0,0.0,0.0,0.0,0.0,0.0,0.0,0.0,0.007201528549194336,0.001978015899658203,67.0,0.029182445979059925
330,SKAB_Fold5,Unseen,Automata_W4_A6,0.01284796573875803,0.0,0.591674047829938,0.0,0.04838709677419355,0.0,0.007407407407407407,0.0,0.0,0.0,0.0,0.0,0.0,0.006794071197509766,0.00198822021484375,82.0,0.022605591909577633
331,SKAB_Fold5,Unseen,Automata_W5_A3,0.0,0.0,0.5244444444444445,0.0,0.0,0.0,0.0,0.0,0.0,0.0,0.25,0.0,12.0,0.007203102111816406,0.013598918914794922,57.0,0.028931979070483227
332,SKAB_Fold5,Unseen,Automata_W5_A4,0.0,0.0,0.4966666666666667,0.0,0.0,0.0,0.0,0.0,0.0,0.0,0.06666666666666667,0.0,15.0,0.007160758972167969,0.015007591247558594,89.0,0.01628582249715945
333,SKAB_Fold5,Unseen,Automata_W5_A5,0.0,0.0,0.54,0.0,0.0,0.0,0.0,0.0,0.0,0.0,0.0,0.0,0.0,0.006815624237060547,0.001995754241943359,118.0,0.01393277793737432
334,SKAB_Fold5,Unseen,Automata_W5_A6,0.0,0.0,0.4766666666666667,0.0,0.0,0.0,0.0,0.0,0.0,0.0,0.0,0.0,27.0,0.0071624755859375,0.05339550971984863,140.0,0.011020408163265306
335,SKAB_Fold5,Unseen,Automata_W6_A3,0.0,0.0,0.4123159303882195,0.0,0.0,0.0,0.0,0.0,0.0,0.0,0.0,0.0,10.0,0.006824398040771484,0.030866527557373048,86.0,0.016224986479177934
336,SKAB_Fold5,Unseen,Automata_W6_A4,0.0,0.0,0.3989290495314592,0.0,0.0,0.0,0.0,0.0,0.0,0.0,0.08695652173913043,0.0,23.0,0.007023477554321289,0.10244746208190918,117.0,0.01103075462049821
337,SKAB_Fold5,Unseen,Automata_W6_A5,0.0,0.0,0.44846050870147264,0.0,0.0,0.0,0.0,0.0,0.0,0.0,0.0,0.0,0.0,0.007420921325683593,0.0017726898193359375,197.0,0.007111752428560386
338,SKAB_Fold5,Unseen,Automata_W6_A6,0.0,0.0,0.35475234270414996,0.0,0.0,0.0,0.0,0.0,0.0,0.0,0.0,0.0,33.0,0.006598043441772461,0.23476362228393555,198.0,0.0068105295378022655
339,SKAB_Fold5,Unseen,CNN1D,0.6533219343979627,0.15649536011285525,0.8213656387665198,0.054031470047348325,0.9896827814607828,0.012482296619989484,0.503349875930521,0.15764124644550187,,,,,,12.395322179794311,0.05553722381591797,,
340,SKAB_Fold5,Unseen,GRU,0.8598142329987454,0.0038583628893873382,0.9117180616740088,0.002969078025947942,0.98605215643006,0.016289837213322222,0.7624069478908189,0.007992617076132188,,,,,,13.26623077392578,0.09727668762207031,,
341,SKAB_Fold5,Unseen,LSTM,0.8514704138667273,0.008913517659401871,0.9079735682819383,0.0046239770765797135,0.996723399271661,0.003319882684219086,0.7433002481389578,0.014923191213446253,,,,,,17.22036280632019,0.09377517700195312,,
